a_key	a_name	b_key	b_name	signal	score	verdict	basis_relations
יש דינ	יש דין	ארגונ יש דינ	ארגון יש דין	translated	1.0	SAME	הפלטפורמה --[includes]--> יש דין; יש דין --[documents]--> מצפה כרמים; יש דין --[filed_petition_against]--> המינהל האזרחי
בקעת הירדנ	בקעת הירדן	קעת הירדנ	קעת הירדן	translated	1.0	SAME	החקלאות הישראלית --[located_in]--> בקעת הירדן; בקעת הירדן --[located_in]--> גדה המערבית; בקעת הירדן --[located_in]--> הגדה המערבית; התנחלויות --[located_in]--> בקעת הירדן; זורגניקה --[located_in]--> בקעת הירדן; ישראל --[השתלטה_על]--> בקעת הירדן; מחולה --[located_in]--> בקעת הירדן; שטחי אש --[located_in]--> בקעת הירדן; 8,000 דונם בבקעת הירדן --[located_in]--> בקעת הירדן; Multilateral Force for the Implementation of the Israeli-Palestinian Peace Agreement --[operates_in]--> בקעת הירדן; אבנת --[located_in]--> בקעת הירדן; אדמות --[located_in]--> בקעת הירדן
הארצ	הארץ	עיתונ הארצ	עיתון הארץ	translated	1.0	SAME	חיים לוינסון --[wrote_for]--> הארץ; אורי בלאו --[authored]--> הארץ; אורי בלאו --[published_in]--> הארץ; אורי בלאו --[wrote_article]--> הארץ; בר פלג --[כתב_ב]--> הארץ; הארץ --[published_article_on]--> 4.4.2024; הארץ --[published_report]--> 2017; הארץ --[received_evidence_about]--> מבצע "חומת ברזל"; הארץ --[חשפה]--> שימוש צה"ל בפלסטינים כמגינים אנושיים; הגר שיזף --[wrote_article]--> הארץ; הגר שיזף --[כתב_ב]--> הארץ; הגר שייף --[wrote_article_for]--> הארץ
הקו הירוק	הקו הירוק	קו הירוק	קו הירוק	translated	1.0	SAME	ביתר עילית --[located_in]--> הקו הירוק; מודיעין עילית --[located_in]--> הקו הירוק; ביתר עילית --[located_near]--> קו הירוק
הקו הירוק	הקו הירוק	קו ירוק	קו ירוק	translated	1.0	SAME	ביתר עילית --[located_in]--> הקו הירוק; הר גילה --[distance_from]--> הקו הירוק; מודיעין עילית --[located_in]--> הקו הירוק; צופים --[distance_from]--> הקו הירוק; שדמות מחולה --[distance_from]--> הקו הירוק; אבני חפץ --[distance_from]--> הקו הירוק; אורנית --[distance_from]--> הקו הירוק; אלפי מנשה --[distance_from]--> הקו הירוק; אלקנה --[distance_from]--> הקו הירוק; אספר --[distance_from]--> הקו הירוק; אקוויפר ההר --[crosses]--> הקו הירוק; אשכולות --[distance_from]--> הקו הירוק
שלומ עכשיו	שלום עכשיו	תנועת שלומ עכשיו	תנועת שלום עכשיו	translated	1.0	SAME	שלום עכשיו --[filed_petition]--> בג"ץ 9051/05; שלום עכשיו --[filed_petition_against]--> המדינה; שלום עכשיו --[joined_as_amicus]--> בית המשפט העליון; תנועת שלום עכשיו --[filed_petition_against]--> המדינה
שלומ עכשיו	שלום עכשיו	תנועת "שלומ עכשיו" ש.ע.ל. מפעלימ חינוכיימ	תנועת "שלום עכשיו" ש.ע.ל. מפעלים חינוכיים	translated	1.0	SAME	שלום עכשיו --[co-authored]--> כרם נבות; שלום עכשיו --[documented]--> דרכים לא חוקיות; שלום עכשיו --[filed_petition]--> בג"ץ 9051/05; שלום עכשיו --[filed_petition_against]--> גבעת הרואה; שלום עכשיו --[filed_petition_against]--> המדינה; שלום עכשיו --[filed_petition_against]--> מעלה רחבעם; שלום עכשיו --[joined_as_amicus]--> בית המשפט העליון; שלום עכשיו --[obtained_information_via]--> חוק חופש המידע; שלום עכשיו --[provided_data_for]--> מחקר זה; שלום עכשיו --[published_report]--> צו 151
חמאס	חמאס	החמאס	החמאס	translated	1.0	SAME	חמאס --[controls]--> רצועת עזה; החמאס --[controls]--> רצועת עזה; חמאס --[attacked]--> ישראל; החמאס --[committed_attack_on]--> ישראל
חמאס	חמאס	תנועת החמאס	תנועת החמאס	translated	1.0	SAME	חמאס --[attacked]--> ישראל; חמאס --[controls]--> רצועת עזה; הסכם הפסקת האש --[בין]--> חמאס; חמאס --[attacked]--> אוקטובר 2023; חמאס --[attacked]--> עוטף עזה; חמאס --[attacked_on]--> 7 באוקטובר; חמאס --[attacked_on]--> 7 באוקטובר 2023; חמאס --[carried_out]--> 7 באוקטובר; חמאס --[carried_out]--> מתקפת חמאס ב-7 באוקטובר; חמאס --[carried_out_attack_on]--> 7 באוקטובר
חמאס	חמאס	מוחמאס	מוחמאס	translated	1.0	DIFFERENT	
7 באוקטובר	7 באוקטובר	שבעה באוקטובר	שבעה באוקטובר	translated	1.0	SAME	133 מבנים --[נהרסו_בין]--> 7 באוקטובר; 7 באוקטובר --[affected]--> המדיניות הישראלית; 7 באוקטובר --[occurred_in]--> ישראל; 7 באוקטובר --[occurred_in]--> עוטף עזה; 7 באוקטובר --[occurred_in]--> רצועת עזה; 7 באוקטובר --[targeted]--> הפלסטינים; 7 באוקטובר --[targeted]--> עזה; 7 באוקטובר --[triggers]--> ג'נוסייד; חמאס --[attacked_on]--> 7 באוקטובר; חמאס --[carried_out]--> 7 באוקטובר; חמאס --[carried_out_attack_on]--> 7 באוקטובר; חמאס --[led_attack_on]--> 7 באוקטובר
הגדה המערבית	הגדה המערבית	הגדה	הגדה	translated	1.0	SAME	ישראל --[controls]--> הגדה המערבית; התנחלויות --[located_in]--> הגדה המערבית; ישראל --[conquered]--> הגדה המערבית; התנחלויות --[located_in]--> הגדה; ישראל --[controls]--> הגדה
שטח c	שטח C	שטחי c	שטחי C	translated	1.0	SAME	ישראל --[controls]--> שטח C; שטח C --[located_in]--> גדה המערבית; הצבא הישראלי --[controls]--> שטח C; ישראל --[controls]--> שטחי C; הצבא --[controls]--> שטחי C; שטחי C --[located_in]--> גדה המערבית
סמוטריצ'	סמוטריץ'	סמוטריצ	סמוטריץ	translated	1.0	SAME	סמוטריץ' --[leads]--> מינהלת ההתיישבות; הממשלה --[העבירה_שליטה_ל]--> סמוטריץ'; מינהלת ההתיישבות --[subordinate_to]--> סמוטריץ'; מנגנון לקבלת החלטות בנושא בנייה בלתי חוקית --[הוסכם_על_ידי]--> סמוטריץ'; משנה למנכ"ל מלאכי --[קיבל_סמכויות_מ]--> סמוטריץ'; משרד הביטחון --[העביר_סמכויות_ל]--> סמוטריץ'; סמוטריץ' --[allocated_budget_for]--> התנחלויות; סמוטריץ' --[allocated_funds_in]--> נובמבר 2023; סמוטריץ' --[appointed]--> ישראל מלאכי; סמוטריץ' --[appointed_to]--> מינהלת ההתיישבות; סמוטריץ' --[controls]--> משרד האוצר; סמוטריץ --[דן_בוועדה]--> וועדת החוקה; סמוטריץ --[יזם]--> חוק מעמדן; סמוטריץ --[עצר_פינוי_של]--> חוות המכון
האגודה לזכויות האזרח בישראל	האגודה לזכויות האזרח בישראל	האגודה לזכויות האזרח	האגודה לזכויות האזרח	translated	1.0	DIFFERENT	
הרשות הפלסטינית	הרשות הפלסטינית	הרשות הפלשתינית	הרשות הפלשתינית	translated	1.0	SAME	הרשות הפלסטינית --[located_in]--> הגדה המערבית; 1/75 --[located_in]--> הרשות הפלסטינית; אונר"א --[provides_aid_to]--> הרשות הפלסטינית; אוסלו --[involves]--> הרשות הפלסטינית; בית כנסת "שלום על ישראל" --[under_responsibility_of]--> הרשות הפלסטינית; הלמיס --[part_of]--> הרשות הפלסטינית; הסכם הביניים --[regulates_transfer_of_powers_to]--> הרשות הפלסטינית; הסכם הביניים --[signed_between]--> הרשות הפלסטינית; הסכמי אוסלו --[established]--> הרשות הפלסטינית; הרשות הפלסטינית --[cannot_develop]--> תשתית מים; הרשות הפלסטינית --[controls]--> אזור A; הרשות הפלסטינית --[controls]--> בית לחם; הרשות הפלשתינית --[governs]--> ערביי יהודה ושומרון
ביתר עילית	ביתר עילית	ביתר עלית	ביתר עלית	translated	1.0	SAME	ביתר עילית --[located_in]--> גדה המערבית; ביתר עילית --[located_in]--> גוש עציון; ביתר עילית --[located_in]--> הקו הירוק; ביתר עילית --[located_in]--> ישראל; ביתר עילית --[located_in]--> עוטף ירושלים; ביתר עלית --[located_in]--> איו"ש; ביתר עלית --[located_in]--> גוש עציון
הוועד הציבורי נגד עינויימ בישראל	הוועד הציבורי נגד עינויים בישראל	הוועד הציבורי נגד עניינימ בישראל	הוועד הציבורי נגד עניינים בישראל	translated	1.0	DIFFERENT	
משרד הביטחונ	משרד הביטחון	משר הביטחונ	משר הביטחון	translated	1.0	DIFFERENT	
שר הביטחונ	שר הביטחון	שר הבטחונ	שר הבטחון	translated	1.0	SAME	אריאל שרון --[served_as]--> שר הביטחון; 17 באוקטובר 2025 --[תאריך_הוראה]--> שר הביטחון; בג"ץ 242/14 --[involves]--> שר הביטחון; בג"ץ 5023/08 --[involves]--> שר הביטחון; בג"ץ 8887/06 --[filed_against]--> שר הביטחון; בג"ץ 8887/06 --[involves]--> שר הביטחון; בג"ץ 9669/10 --[involves]--> שר הביטחון; בג"ץ 9949/08 --[involves]--> שר הביטחון; בני גנץ --[כהן_כ]--> שר הביטחון; הממשלה --[ביטלה_דרישה]--> שר הביטחון; חאפז מחמוד עבד אלחלים אחמד --[filed_petition_against]--> שר הביטחון; יצחק רבין --[served_as]--> שר הביטחון; אבי רואה --[יועץ]--> שר הבטחון; בג"ץ 2150/07 --[involves]--> שר הבטחון; ראש מועצת בית איכסא --[filed_petition_against]--> שר הבטחון
קו הירוק	קו הירוק	קו ירוק	קו ירוק	translated	1.0	SAME	ירושלים --[located_in]--> קו הירוק; אדר --[distance_from]--> קו הירוק; אריאל --[located_near]--> קו הירוק; ביתר עילית --[located_near]--> קו הירוק; גבול אופטימלי בין ישראל לפלסטין --[based_on]--> קו הירוק; הגדה המערבית --[bounded_by]--> קו הירוק; התנחלויות לא-חרדיות --[located_beyond]--> קו הירוק; חירבת זנותה --[located_near]--> קו הירוק; מלכישוע --[located_near]--> קו הירוק; מספר שיא של יחידות דיור --[located_in]--> קו הירוק; מעלה אפרים --[distance_from]--> קו הירוק; סאהל קאעון --[located_in]--> קו הירוק
המשטרה	המשטרה	משטרה	משטרה	translated	1.0	SAME	איתמר בן גביר --[controls]--> המשטרה; איתמר בן גביר --[leads]--> המשטרה; בן גביר --[הנחה]--> המשטרה; בן גביר --[הנחיה_ל]--> המשטרה; המשטרה --[agent_of_violence_against]--> פלסטינים; המשטרה --[arrested]--> עיתונאים זרים; המשטרה --[arrives_with]--> המתנחלים; המשטרה --[arrives_with]--> הצבא; המשטרה --[attacked]--> רשת טלוויזיה מצרית; המשטרה --[confiscated]--> שלטים ומיצגי מחאה; המשטרה --[confiscated_equipment_from]--> עיתונאים זרים; המשטרה --[cooperates_with]--> רשות הטבע והגנים; יש דין --[contacted]--> משטרה; משטרה --[cooperates_with]--> מתנחלים; משטרה --[fails_to_prosecute]--> מתנחלים; משטרה --[סירבה_לסייע_ל]--> וידאדי א-תחתא
מועצת התכנונ העליונה	מועצת התכנון העליונה	מועצת התיכנונ העליונה	מועצת התיכנון העליונה	translated	1.0	DIFFERENT	
ימ המלח	ים המלח	המלח	המלח	translated	1.0	DIFFERENT	
הגדה	הגדה	גדה	גדה	translated	1.0	SAME	גוש עציון --[located_in]--> הגדה; המתנחלים --[מתגוררים_ב]--> הגדה; הפלסטינים --[located_in]--> הגדה; התנחלויות --[located_in]--> הגדה; ישראל --[controls]--> הגדה
הסכמי אוסלו	הסכמי אוסלו	הסכמ אוסלו	הסכם אוסלו	translated	1.0	SAME	הסכמי אוסלו --[signed_in]--> 1993; הסכם אוסלו --[signed_in]--> 1993
מטה בנימינ	מטה בנימין	המועצה האזורית מטה בנימינ	המועצה האזורית מטה בנימין	translated	1.0	DIFFERENT	
המפקד הצבאי	המפקד הצבאי	מפקד הצבאי	מפקד הצבאי	translated	1.0	SAME	אחמד מחמד עוואד --[filed_petition_against]--> המפקד הצבאי; בצלאל סמוטריץ' --[received_powers_from]--> המפקד הצבאי; המפקד הצבאי --[amended]--> חוק העתיקות הירדני; המפקד הצבאי --[approves]--> עסקאות במקרקעין; המפקד הצבאי --[has_authority_to_determine]--> תחומי שיפוט; המפקד הצבאי --[has_obligations_regarding]--> רכוש ממשלתי; המפקד הצבאי --[implements_policy_in]--> גדה המערבית; המפקד הצבאי --[included_in_jurisdiction]--> ח'רבת סילון; המפקד הצבאי --[included_in_jurisdiction]--> תל שילה; המפקד הצבאי --[issued]--> הצו בדבר עתיקות; המפקד הצבאי --[legislator_in]--> הגדה המערבית; המפקד הצבאי --[signed]--> צווי עיצומים; מחזיק הפלסטיני --[requires_approval_from]--> מפקד הצבאי
הצבא הישראלי	הצבא הישראלי	צבא הישראלי	צבא הישראלי	translated	1.0	SAME	ד"ר חוסאם אבו ספיה --[arrested_by]--> הצבא הישראלי; הבלאדים --[פונו_על_ידי]--> הצבא הישראלי; הצבא הישראלי --[attacked]--> בית החולים אל-עודה; הצבא הישראלי --[attacked]--> בית החולים כמאל עדוואן; הצבא הישראלי --[caused_destruction_in]--> עזה; הצבא הישראלי --[conducted]--> הפצצות אוויריות; הצבא הישראלי --[controls]--> גדה המערבית; הצבא הישראלי --[controls]--> עזה; הצבא הישראלי --[controls]--> שטח C; הצבא הישראלי --[cooperates_with]--> מאחזי-חווה; הצבא הישראלי --[damaged]--> בתי הספר בעזה; הצבא הישראלי --[established]--> מתקני המעצר; אלימות --[התאפשרה_בזכות]--> צבא הישראלי; מעבר רפיח --[closed_by]--> צבא הישראלי; צבא הישראלי --[damaged]--> רשת חלוקת החשמל בעזה; צבא הישראלי --[destroyed]--> מתקני המים בעזה; צבא הישראלי --[destroyed]--> תשתיות האנרגיה הסולארית; צבא הישראלי --[led]--> תוכנית האלופים
סוסיא	סוסיא	סוסיה	סוסיה	translated	1.0	DIFFERENT	
הצבא	הצבא	צבא	צבא	translated	1.0	SAME	הצבא --[agent_of_violence_against]--> פלסטינים; הצבא --[assists]--> מתנחלים; הצבא --[controls]--> שטחי C; הצבא --[cooperates_with]--> המשטרה; הצבא --[cooperates_with]--> מתנחלים; צבא --[imposed_restrictions_on]--> פלסטינים
הליכוד	הליכוד	ליכוד	ליכוד	translated	1.0	SAME	אריאל שרון --[member_of]--> הליכוד; בנימין נתניהו --[member_of]--> הליכוד; ח"כ עמית הלוי --[member_of]--> הליכוד; יצחק שמיר --[led]--> הליכוד
עפרה	עפרה	עופרה	עופרה	translated	1.0	SAME	עפרה --[located_in]--> מטה בנימין; עפרה --[located_in]--> איו"ש; עפרה --[located_in]--> בנימין; עפרה --[located_in]--> הגדה המערבית; עפרה --[located_in]--> רמאללה; עופרה --[located_in]--> גדה המערבית; עופרה --[established_in]--> 1975; עופרה --[located_in]--> הגדה המערבית; עופרה --[located_in]--> רמאללה
פיקוד המרכז	פיקוד המרכז	פיקוד מרכז	פיקוד מרכז	translated	1.0	SAME	יהודה פוקס --[commands]--> פיקוד המרכז; אלוף יהודה פוקס --[ראש]--> פיקוד המרכז; יהודה פוקס --[leads]--> פיקוד המרכז; יהודה פוקס --[היה_אלוף]--> פיקוד מרכז
קלקיליה	קלקיליה	קלקליה	קלקליה	translated	1.0	SAME	קלקיליה --[located_in]--> איו"ש; קלקיליה --[located_in]--> הגדה המערבית; קלקיליה --[located_in]--> מערב השומרון; קלקיליה --[located_in]--> שטח A
שב"ס	שב"ס	שב"כ	שב"כ	translated	1.0	DIFFERENT	
המועצות האזוריות	המועצות האזוריות	מועצות אזוריות	מועצות אזוריות	translated	1.0	SAME	המועצות האזוריות --[transferred_funds_to]--> מאחזי הרועים; המועצות האזוריות --[הנחת_תשתיות_ב]--> מאחזים; המועצות האזוריות --[פועלות_ב]--> גדה המערבית; מועצות אזוריות --[located_in]--> איו"ש; מועצות אזוריות --[עומדים_מאחורי]--> מאחזי הרועים
יהודה ושומרונ	יהודה ושומרון	יהודה	יהודה	neighbor	1.0	DIFFERENT	
כנסת	כנסת	כנסת ישראל	כנסת ישראל	translated	1.0	SAME	איימן עודה --[member_of]--> כנסת; הצעת חוק --[passed_in]--> כנסת; הצעת חוק העמותות --[promoted_in]--> כנסת; השדולה למען ארץ ישראל --[פועלת_בכנסת]--> כנסת; ועדת החוץ והביטחון --[part_of]--> כנסת; ערביי יהודה ושומרון --[vote_for]--> כנסת; בג"ץ 1661/05 --[involves]--> כנסת ישראל; בג"ץ 5658/23 --[concerns]--> כנסת ישראל; התנועה לאיכות השלטון --[filed_petition_against]--> כנסת ישראל; כנסת ישראל --[not_legislator_in]--> הגדה המערבית
הממשלה ה-37	הממשלה ה-37	ממשלה ה-37	ממשלה ה-37	translated	1.0	SAME	הממשלה ה-37 --[governs]--> מדינת ישראל; הממשלה ה-37 --[sworn_in_on]--> 29 בדצמבר 2022; הממשלה ה-37 --[בראשות]--> נתניהו
תל-אביב	תל-אביב	תל אביב	תל אביב	translated	1.0	SAME	תל-אביב --[located_in]--> ישראל; זיו --[from]--> תל אביב; יש דין --[located_in]--> תל אביב; מסילת הרכבת המהירה בין ירושלים לתל אביב --[connects]--> תל אביב; מסילת הרכבת ירושלים-תל אביב --[connects]--> תל אביב; סמוטריץ' --[spoke_at]--> תל אביב
אדמות מדינה	אדמות מדינה	אדמות המדינה	אדמות המדינה	translated	1.0	DIFFERENT	
הממשלה	הממשלה	ממשלה	ממשלה	translated	1.0	SAME	גוש אמונים --[influenced]--> הממשלה; הממשלה --[agent_of_violence_against]--> פלסטינים; הממשלה --[approved]--> מחנה חופרים; הממשלה --[committed_to_establish]--> עמונה; הממשלה --[decided_on_establishment]--> אביגיל; הממשלה --[decided_on_establishment]--> אביתר; הממשלה --[decided_on_establishment]--> אבנת; הממשלה --[decided_on_establishment]--> אדוריים; הממשלה --[decided_on_establishment]--> אחיה; הממשלה --[decided_on_establishment]--> איבי הנחל; יגאל ידין --[deputy_of]--> ממשלה; ממשלה --[approved]--> כספים קואליציוניים; ממשלה --[established]--> ועדת זנדברג; ממשלה --[provides_grants_to]--> ההתנחלויות הלא-חרדיות; ממשלה --[provides_grants_to]--> יישובים ערביים; ממשלה --[provides_grants_to]--> עיירות הפיתוח; ממשלה --[החלטה_על_הפסקת_שידורים]--> ערוץ אלג'נדה; ממשלה --[מעמיקה]--> דיכוי; ממשלה --[מעמיקה]--> הדרה; ממשלה --[מקדמת]--> סיפוח; ממשלה --[משתמשת_ב]--> הצעות חוק פרטיות; ממשלה --[משתמשת_ב]--> תקנות שעת חירום
קהילות הרועימ הפלסטיניות	קהילות הרועים הפלסטיניות	קהילות רועימ פלסטיניות	קהילות רועים פלסטיניות	translated	1.0	SAME	קהילות הרועים הפלסטיניות --[located_in]--> גדה המערבית; קהילות רועים פלסטיניות --[located_in]--> גדה המערבית
ההסתדרות הציונית העולמית	ההסתדרות הציונית העולמית	הציונית העולמית	הציונית העולמית	translated	1.0	DIFFERENT	
נהר הירדנ	נהר הירדן	נחר הירדנ	נחר הירדן	translated	1.0	DIFFERENT	
ארצות הברית	ארצות הברית	ארצות-הברית	ארצות-הברית	translated	1.0	SAME	ארצות הברית --[deployed_pier_in]--> עזה; ארצות הברית --[imposed_sanctions_on]--> אמנה; ארצות הברית --[imposed_sanctions_on]--> זוהר סבח; ארצות הברית --[imposed_sanctions_on]--> חוות המכון; ארצות הברית --[imposed_sanctions_on]--> חוות רימונים; ארצות הברית --[imposed_sanctions_on]--> נריה בן פזי; ארצות הברית --[submitted_report_to]--> מועצת הביטחון של האו"ם; ארצות הברית --[ביקרה_את]--> חוות הדעת; ארצות הברית --[חזרה_על_עמדתה_שתמיכת_הממשלה_בהתנחלויות_היא]--> בלתי חוקית; ארצות-הברית --[has_shared_interests_with]--> ישראל; ארצות-הברית --[interested_in_resolving]--> הסכסוך הישראלי-פלסטיני-ערבי; ארצות-הברית --[party_to]--> הסכמי אברהם; ארצות-הברית --[stands_with]--> ישראל; ארצות-הברית --[תומכת_ב]--> יוזמת השלום הערבית; הסכמי אברהם --[created_through_mediation_by]--> ארצות-הברית
הדינ הבינלאומי	הדין הבינלאומי	הדינ הבינ-לאומי	הדין הבין-לאומי	translated	1.0	SAME	המפקד הצבאי --[violates]--> הדין הבינלאומי; העברה בכפייה של פלסטינים --[violates]--> הדין הבינלאומי; השאלת הממצאים --[violates]--> הדין הבינלאומי; התנחלות --[בלתי_חוקיים_ב]--> הדין הבינלאומי; ישראל --[bound_by]--> הדין הבינלאומי; מאחז --[בלתי_חוקיים_ב]--> הדין הבינלאומי; ביזה --[violates]--> הדין הבין-לאומי; ישראל --[violates]--> הדין הבין-לאומי; שימוש של חיילים בפלסטינים כ"מגנים אנושיים" --[violates]--> הדין הבין-לאומי
הדינ הבינלאומי	הדין הבינלאומי	החוק הבינלאומי	החוק הבינלאומי	translated	1.0	SAME	המפקד הצבאי --[violates]--> הדין הבינלאומי; העברה בכפייה של פלסטינים --[violates]--> הדין הבינלאומי; השאלת הממצאים --[violates]--> הדין הבינלאומי; התנחלות --[בלתי_חוקיים_ב]--> הדין הבינלאומי; ישראל --[bound_by]--> הדין הבינלאומי; מאחז --[בלתי_חוקיים_ב]--> הדין הבינלאומי
אל-מוערג'את	אל-מוערג'את	אל-מועראג'את	אל-מועראג'את	translated	1.0	DIFFERENT	
הפרקליטות הצבאית	הפרקליטות הצבאית	פרקליטות	פרקליטות	translated	1.0	DIFFERENT	
יהושפט תור	יהושפט תור	יהושפא תור	יהושפא תור	translated	1.0	DIFFERENT	
אונר"א	אונר"א	אונריא	אונריא	translated	1.0	SAME	אונר"א --[established_by]--> או"ם; אונר"א --[operates_in]--> רצועת עזה; אונר"א --[provides_support_to]--> הפליטים הפלסטינים; אונר"א --[סוכנות_ל]--> פליטים פלסטינים; אונריא --[פעלה_ב]--> קהילות פליטים
בית הדינ הבינלאומי לצדק	בית הדין הבינלאומי לצדק	בית המשפט הבינלאומי לצדק בהאג	בית המשפט הבינלאומי לצדק בהאג	translated	1.0	SAME	בית הדין הבינלאומי לצדק --[located_in]--> האג
דיר ג'יר	דיר ג'יר	דיר ג'ריר	דיר ג'ריר	translated	1.0	DIFFERENT	
המועצה האזורית גוש עציונ	המועצה האזורית גוש עציון	מועצה אזורית נוש עציונ	מועצה אזורית נוש עציון	translated	1.0	DIFFERENT	
מדבר יהודה	מדבר יהודה	ספר מדבר יהודה	ספר מדבר יהודה	translated	1.0	DIFFERENT	
סלפית	סלפית	סלפיה	סלפיה	translated	1.0	DIFFERENT	
פתרונ שתי המדינות	פתרון שתי המדינות	פתרונ של שתי מדינות	פתרון של שתי מדינות	translated	1.0	SAME	אנאפוליס 2007 --[guided]--> פתרון שתי המדינות; ממשלת ישראל --[should_adopt]--> פתרון שתי המדינות; ממשלת ישראל --[מסרבת_לחדש_משא_ומתן_על]--> פתרון שתי המדינות; מערך ההתנחלויות --[made_impossible]--> פתרון שתי המדינות; פתרון שתי המדינות --[located_in]--> אנאפוליס; פתרון שתי המדינות --[produced]--> טרור ואלימות
בנ גביר	בן גביר	השר בנ גביר	השר בן גביר	translated	1.0	SAME	משרד לביטחון לאומי --[headed_by]--> בן גביר
גלנט	גלנט	השר גלנט	השר גלנט	translated	1.0	DIFFERENT	
הרשויות הישראליות	הרשויות הישראליות	הרשויות בישראל	הרשויות בישראל	translated	1.0	DIFFERENT	
המינהל האזרחי	המינהל האזרחי	מנהל האזרחי	מנהל האזרחי	translated	1.0	SAME	קמ"ט ארכיאולוגיה --[כפוף_ל]--> המינהל האזרחי; המינהל האזרחי --[פועל_ב]--> גדה המערבית; יש דין --[filed_petition_against]--> המינהל האזרחי; אביעד כספי --[עובד_ב]--> המינהל האזרחי; איילת שקד --[visited]--> המינהל האזרחי; בית המשפט --[ordered]--> המינהל האזרחי; בצלאל סמוטריץ' --[appointed_to]--> המינהל האזרחי; בצלאל סמוטריץ' --[responsible_for]--> המינהל האזרחי; בצלאל סמוטריץ' --[transferred_powers_to]--> המינהל האזרחי; גלעד פלמון --[ממונה_על]--> המינהל האזרחי; דו"ח לוי --[recognized]--> המינהל האזרחי; האגודה לזכויות האזרח --[filed_petition_against]--> המינהל האזרחי; מידע --[מקורו]--> מנהל האזרחי; מנהל האזרחי --[אמון_על_הרגולציה_של]--> הקצאות הקרקע; שכבות מידע דיגיטליות --[מקורן_ב]--> מנהל האזרחי
רפיח	רפיח	פתחת רפיח	פתחת רפיח	translated	1.0	DIFFERENT	
רשות מקרקעי ישראל	רשות מקרקעי ישראל	מינהל מקרקעי ישראל	מינהל מקרקעי ישראל	translated	1.0	DIFFERENT	
תוכנית אלונ	תוכנית אלון	תכנית אלונ	תכנית אלון	translated	1.0	SAME	תוכנית אלון --[aimed_to_annex]--> בקעת הירדן; תוכנית אלון --[created_in]--> 1967; תוכנית אלון --[designated_settlement_areas]--> בקעת הירדן; תוכנית אלון --[designated_settlement_areas]--> משולש הגדול; תוכנית אלון --[influenced]--> מדיניות ההתיישבות הישראלית; תוכנית אלון --[influenced]--> מדיניות ההתנחלויות; תוכנית אלון --[submitted_on]--> 26 ביולי 1967; תוכנית אלון --[מתוארכת_ל]--> 1967; תכנית אלון --[named_after]--> יגאל אלון; תכנית אלון --[proposed_to_annex]--> בקעת הירדן
החמאס	החמאס	תנועת החמאס	תנועת החמאס	translated	1.0	SAME	החמאס --[controls]--> רצועת עזה; החמאס --[שולט_ב]--> רצועת עזה
החמאס	החמאס	מוחמאס	מוחמאס	translated	1.0	DIFFERENT	
הצלב האדומ	הצלב האדום	צלב האדומ	צלב האדום	translated	1.0	SAME	צלב האדום --[denied_access_to]--> מקומות המעצר; צלב האדום --[מחויב_לפי]--> אמנות ז'נבה השלישית והרביעית
הקבינט	הקבינט	קבינט	קבינט	translated	1.0	SAME	הקבינט --[decided_on]--> בטל את הצורך בהיתר עסקה; הקבינט --[decided_on]--> ביטול החוק החל בגדה המערבית מהתקופה הירדנית; הקבינט --[decided_on]--> פתיחת מרשמי המקרקעין בגדה המערבית לעיון הציבור; הקבינט --[decided_on]--> שורה של שינויים בחוקי רכישת הקרקעות; הקבינט --[decided_to_authorize]--> עשרה מאחזים; הקבינט --[imposed]--> סנקציות; הקבינט --[החליט_על]--> העברת סמכויות התכנון והבנייה; הקבינט --[החליט_על]--> מאחזים בלתי מורשים; הקבינט --[החליט_על]--> נטילת סמכויות; הקבינט --[החליט_על]--> פתיחה בהליכי הסדר מקרקעין; הקבינט --[החליט_על_הכשרה_ב]--> אביתר; הקבינט --[החליט_על_הקמה]--> אלוני שומרון; קבינט --[issued_order_on]--> פברואר 2026; קבינט --[אישר]--> מנהלת מעבר מרצון
הקהילה הבינלאומית	הקהילה הבינלאומית	הקהילה הבינ-לאומית	הקהילה הבין-לאומית	translated	1.0	DIFFERENT	
שטחי b	שטחי B	שטח b	שטח B	translated	1.0	DIFFERENT	
ח'ירבת זנותה	ח'ירבת זנותה	ח'רבת זנותה	ח'רבת זנותה	translated	1.0	SAME	ח'ירבת זנותה --[located_in]--> דרום הר חברון; ד'אהרייה --[connected_to]--> ח'רבת זנותה; חוות אשתמוע --[located_near]--> ח'רבת זנותה; חוות יהודה --[located_near]--> ח'רבת זנותה; שמעה --[located_near]--> ח'רבת זנותה
ח'ירבת זנותה	ח'ירבת זנותה	חירבת זנותה	חירבת זנותה	translated	1.0	SAME	ח'ירבת זנותה --[located_in]--> דרום הר חברון; חירבת זנותה --[located_in]--> הר חברון
מדינות ערב	מדינות ערב	מדינות ערביות	מדינות ערביות	translated	1.0	DIFFERENT	
עארפ דראר'מה	עארף דראר'מה	עארפ דרארמה	עארף דרארמה	translated	1.0	DIFFERENT	
צו 151	צו 151	יצו 151	יצו 151	translated	1.0	DIFFERENT	
b'tselem	B'TSELEM	btselem	BTSELEM	translated	1.0	SAME	בצלם --[is_also_known_as]--> B'TSELEM
בית המשפט העליונ בישראל	בית המשפט העליון בישראל	בית המשפט העליונ הישראלי	בית המשפט העליון הישראלי	translated	1.0	SAME	בית המשפט העליון בישראל --[applied]--> אמנת האג בדבר הגנה על נכסי תרבות בעת סכסוך מזוין; בית המשפט העליון בישראל --[הכיר_ב]--> סעיף 43 לתקנות הגלות לאמנת האג; בית המשפט העליון הישראלי --[located_in]--> ישראל
הרצועה	הרצועה	רצועה	רצועה	translated	1.0	SAME	הפלסטינים --[residents_of]--> הרצועה; תוכנית אוטונומיה --[applies_to]--> הרצועה; ישראל --[controls]--> רצועה
ועדת המימ המשותפת	ועדת המים המשותפת	ועדת מימ משותפת	ועדת מים משותפת	translated	1.0	SAME	ועדת המים המשותפת --[manages]--> מערכות המים והביוב; ועדת המים המשותפת --[regulates_water_projects_for]--> הרשות הפלסטינית; ישראל --[controls]--> ועדת המים המשותפת; ישראל --[operates]--> ועדת המים המשותפת; ישראל --[שולטת_על]--> ועדת המים המשותפת; פלסטינים --[הגישו_פרויקטים_ל]--> ועדת המים המשותפת; פלסטינים --[מודרים_מ]--> ועדת המים המשותפת; ועדת מים משותפת --[established_by]--> הסכם הביניים; ועדת מים משותפת --[operates_in]--> גדה המערבית
ימ התיכונ	ים התיכון	הימ התיכונ	הים התיכון	translated	1.0	SAME	ערוץ נחל קדרון --[located_between]--> ים התיכון; רצועת עזה --[located_in]--> ים התיכון
כוחות הביטחונ הישראליימ	כוחות הביטחון הישראליים	זרועות הביטחונ הישראליימ	זרועות הביטחון הישראליים	translated	1.0	SAME	כוחות הביטחון הישראליים --[committed_violence_against]--> פלסטינים; כוחות הביטחון הישראליים --[detained]--> תושבי עזה; כוחות הביטחון הישראליים --[killed]--> 502 פלסטינים; כוחות הביטחון הישראליים --[killed]--> 506 פלסטינים; כוחות הביטחון הישראליים --[performing_arrests_in]--> הגדה המערבית; כוחות הביטחון הישראליים --[performing_arrests_in]--> ירושלים המזרחית
כלא הנגב	כלא הנגב	בית הכלא הנגב	בית הכלא הנגב	translated	1.0	SAME	תאמר קרמוט --[held_in]--> כלא הנגב; איברהים פודה --[held_in]--> כלא הנגב; איברהים פודה --[הוחזק_ב]--> כלא הנגב; בית הכלא הנגב --[operated_by]--> שב"ס
משפט ההומניטרי הבינלאומי	משפט ההומניטרי הבינלאומי	הדינ הבינלאומי ההומניטרי	הדין הבינלאומי ההומניטרי	translated	1.0	SAME	בנייה אזרחית בקרקע תפוסה --[מפירה]--> משפט ההומניטרי הבינלאומי
משפט ההומניטרי הבינלאומי	משפט ההומניטרי הבינלאומי	חוק ההומניטרי הבינלאומי	חוק ההומניטרי הבינלאומי	translated	1.0	SAME	בנייה אזרחית בקרקע תפוסה --[מפירה]--> משפט ההומניטרי הבינלאומי; ישראל --[bound_by]--> חוק ההומניטרי הבינלאומי
משפט ההומניטרי הבינלאומי	משפט ההומניטרי הבינלאומי	הדינ ההומניטארי הבינלאומי	הדין ההומניטארי הבינלאומי	translated	1.0	SAME	בנייה אזרחית בקרקע תפוסה --[מפירה]--> משפט ההומניטרי הבינלאומי
משרד ההתיישבות	משרד ההתיישבות	משרד להתיישבות	משרד להתיישבות	translated	1.0	SAME	אבי נעים --[leads]--> משרד ההתיישבות; משרד ההתיישבות --[granted_tractor_to]--> מתנחל חמוש; משרד ההתיישבות --[involved_in]--> השתלטות על קרקע; משרד ההתיישבות --[supports]--> השומר יו"ש; משרד ההתיישבות --[העביר_כספים_ב]--> 2021; משרד ההתיישבות --[העביר_כספים_ל]--> גדה המערבית; משרד ההתיישבות --[העביר_כספים_ל]--> המועצות האזוריות; צחי הנגבי --[leads]--> משרד ההתיישבות; הממשלה --[funds]--> משרד להתיישבות; משרד להתיישבות --[transfers_to]--> הרשויות המקומיות של ההתנחלויות
משרד ההתיישבות	משרד ההתיישבות	שר ההתיישבות	שר ההתיישבות	translated	1.0	DIFFERENT	
קדמה	קדמה	קדימה	קדימה	translated	1.0	DIFFERENT	
אל-מור'יר	אל-מור'יר	אל-מור"יר	אל-מור"יר	translated	1.0	SAME	אל-מור'יר --[affected_by]--> השתלטויות של מתנחלים; אל-מור'יר --[lost_access_to_land]--> עמיחי; יש דין --[filed_petition_for]--> אל-מור'יר
אלעזריה	אלעזריה	אל-עזריה	אל-עזריה	translated	1.0	DIFFERENT	
ארגונ מתנדבימ לזכויות אדמ	ארגון מתנדבים לזכויות אדם	דינ ארגונ מתנדבימ לזכויות אדמ	דין ארגון מתנדבים לזכויות אדם	translated	1.0	DIFFERENT	
גליל	גליל	הגליל	הגליל	translated	1.0	DIFFERENT	
החברה הערבית	החברה הערבית	חברה הערבית	חברה הערבית	translated	1.0	SAME	הממשלה --[מקדמת_הצעות_חוק_נגד]--> החברה הערבית; יוזמות חקיקה --[מבקשות_להשתיק]--> החברה הערבית; המתקפה על חופש הביטוי --[מתמקדת_ב]--> חברה הערבית
היועצת המשפטית לממשלה	היועצת המשפטית לממשלה	יועצת המשפטית לממשלה	יועצת המשפטית לממשלה	translated	1.0	DIFFERENT	
וועדת האו"מ נגד עינויימ	וועדת האו"ם נגד עינויים	וועדה נגד עינויימ של האו"מ	וועדה נגד עינויים של האו"ם	translated	1.0	SAME	הוועד נגד עינויים --[submitted_report]--> וועדת האו"ם נגד עינויים; הורים נגד מעצר ילדים --[submitted_report]--> וועדת האו"ם נגד עינויים; המוקד להגנת הפרט --[submitted_report]--> וועדת האו"ם נגד עינויים; עדאלה – המרכז המשפטי לזכויות המיעוט הערבי בישראל --[submitted_report]--> וועדת האו"ם נגד עינויים; רופאים לזכויות אדם ישראל --[submitted_report]--> וועדת האו"ם נגד עינויים; ארגוני זכויות אדם --[filed_report_to]--> וועדת האו"ם נגד עינויים; הוועד הציבורי נגד עינויים בישראל --[submitted_report_to]--> וועדת האו"ם נגד עינויים; הוועד נגד עינויים --[filed_petition_against]--> וועדת האו"ם נגד עינויים; DCIP --[submitted_report_to]--> וועדה נגד עינויים של האו"ם
זכויות אדמ	זכויות אדם	זכויות האדמ	זכויות האדם	translated	1.0	SAME	בצלם --[is_organization_focused_on]--> זכויות אדם; יש דין --[advocates_for]--> זכויות אדם; ממשלה --[פוגעת_ב]--> זכויות אדם; זכויות האדם --[affects]--> פלסטינים; מתנחלים ישראלים --[violate]--> זכויות האדם
מתיישבימ אידיאולוגיימ	מתיישבים אידיאולוגיים	המתיישבימ האידיאולוגיימ	המתיישבים האידיאולוגיים	translated	1.0	SAME	מתיישבים אידיאולוגיים --[חשים]--> איום פיזי; המתיישבים האידיאולוגיים --[believe]--> ארץ ישראל השלמה; המתיישבים האידיאולוגיים --[oppose]--> שתי מדינות; המתיישבים האידיאולוגיים --[תופס_כמאיים_יותר]--> האיום הפיזי
סיפוח	סיפוח	הסיפוח	הסיפוח	translated	1.0	DIFFERENT	
צו התפיסה	צו התפיסה	צו תפיסה	צו תפיסה	translated	1.0	DIFFERENT	
רועימ פלסטינימ	רועים פלסטינים	הרועימ הפלסטינימ	הרועים הפלסטינים	translated	1.0	SAME	גדרות --[prevents_access_to]--> רועים פלסטינים; מתנחל חמוש --[pursued]--> רועים פלסטינים; מתנחלים --[restrict_access]--> רועים פלסטינים; רועים פלסטינים --[רועים_ב]--> אדמות; הרועים הפלסטינים --[experienced_disruption_of]--> החיים הקהילתיים; ישראלים --[harmed]--> הרועים הפלסטינים
שב"כ	שב"כ	השב"כ	השב"כ	translated	1.0	SAME	שב"כ --[מנוע_מלהיפגש_עם]--> עורכי דין; דוד זיני --[appointed_head]--> השב"כ
שטחי a	שטחי A	שטח a	שטח A	translated	1.0	DIFFERENT	
אלעד	אלעד	אלע"ד	אלע"ד	translated	1.0	DIFFERENT	
ארגונ רופאימ ללא גבולות	ארגון רופאים ללא גבולות	רופאימ ללא גבולות	רופאים ללא גבולות	translated	1.0	SAME	ארגון רופאים ללא גבולות --[published_research_in]--> דצמבר 2024; ארגון רופאים ללא גבולות --[עקב_אחרי]--> בית החולים נאסר; רופאים ללא גבולות --[קבע]--> מצב חירום תמידי
ארגמנ	ארגמן	ארגמ"נ	ארגמ"ן	translated	1.0	DIFFERENT	
ארגמנ	ארגמן	ארגמינ	ארגמין	translated	1.0	DIFFERENT	
בתי החולימ	בתי החולים	בתי חולימ	בתי חולים	translated	1.0	SAME	כוחות הביטחון --[referred_detainees_to]--> בתי החולים; קברי אחים --[שוכנים_ב]--> בתי החולים; בתי חולים --[located_in]--> עזה; בתי חולים --[located_in]--> צפון רצועת עזה; בתי חולים --[located_in]--> רצועת עזה; ישראל --[direct_attacks_on]--> בתי חולים; ישראל --[תקפה]--> בתי חולים
בתי המשפט הצבאיימ	בתי המשפט הצבאיים	בתי משפט צבאיימ	בתי משפט צבאיים	translated	1.0	SAME	בתי המשפט הצבאיים --[located_in]--> הגדה המערבית; הפלסטינים --[נידונים_ב]--> בתי משפט צבאיים
דיר דבואנ	דיר דבואן	דיר דיבוואנ	דיר דיבוואן	translated	1.0	DIFFERENT	
הדינ הבינ-לאומי	הדין הבין-לאומי	המשפט הבינ-לאומי	המשפט הבין-לאומי	translated	1.0	SAME	ביזה --[violates]--> הדין הבין-לאומי; ישראל --[violates]--> הדין הבין-לאומי; שימוש של חיילים בפלסטינים כ"מגנים אנושיים" --[violates]--> הדין הבין-לאומי; שב"ס --[מפרה_בשיטתיות]--> המשפט הבין-לאומי
הדינ הבינ-לאומי	הדין הבין-לאומי	החוק הבינ-לאומי	החוק הבין-לאומי	translated	1.0	SAME	ישראל --[violates]--> הדין הבין-לאומי; ישראל --[violates]--> החוק הבין-לאומי; ישראל --[הפרה_של]--> החוק הבין-לאומי
הורימ נגד מעצר ילדימ	הורים נגד מעצר ילדים	הורימ נגד מעצרי ילדימ	הורים נגד מעצרי ילדים	translated	1.0	DIFFERENT	
החוק הבינלאומי	החוק הבינלאומי	החוק הבינ-לאומי	החוק הבין-לאומי	translated	1.0	SAME	ישראל --[violates]--> החוק הבין-לאומי; ישראל --[הפרה_של]--> החוק הבין-לאומי
החוק הירדני	החוק הירדני	חוק הירדני	חוק הירדני	translated	1.0	DIFFERENT	
החקלאות הישראלית	החקלאות הישראלית	חקלאות ישראלית	חקלאות ישראלית	translated	1.0	SAME	החקלאות הישראלית --[located_in]--> גדה המערבית; החקלאות הישראלית --[located_in]--> הגדה המערבית; חקלאות ישראלית --[located_in]--> גדה המערבית
המזרח התיכונ	המזרח התיכון	מזרח התיכונ	מזרח התיכון	translated	1.0	DIFFERENT	
חוק הישראלי	חוק הישראלי	החוק הישראלי	החוק הישראלי	translated	1.0	DIFFERENT	
כפרימ פלסטיניימ	כפרים פלסטיניים	כפרימ הפלסטינימ	כפרים הפלסטינים	translated	1.0	SAME	כפרים פלסטיניים --[located_in]--> גדה המערבית; גדודי הגנה מרחבית --[פעלו_ב]--> כפרים הפלסטינים
מאחזימ בלתי מורשימ	מאחזים בלתי מורשים	מאחזימ לא מורשימ	מאחזים לא מורשים	translated	1.0	SAME	מאחזים בלתי מורשים --[located_in]--> גדה המערבית; מאחזים לא מורשים --[located_in]--> גדה המערבית
עיר העתיקה	עיר העתיקה	העתיקה	העתיקה	translated	1.0	DIFFERENT	
עיראק	עיראק	עירק	עירק	translated	1.0	SAME	ארה"ב --[התמודדה_עם_אתגרים_ביטחוניים_ב]--> עיראק; כוחות הקואליציה --[כבשו]--> עירק; מועצת הביטחון של האו"ם --[הורו_ל]--> עירק; עירק --[השיבה_רכוש_ל]--> כווית
שטח אש 904א	שטח אש 904א	שטח אש 904א'	שטח אש 904א׳	translated	1.0	DIFFERENT	
תקוע ד'	תקוע ד'	תקוע ד	תקוע ד	translated	1.0	DIFFERENT	
אוניברסיטת ת"א	אוניברסיטת ת"א	אוניברסיטת תל אביב	אוניברסיטת תל אביב	translated	1.0	DIFFERENT	
אל בוסתאנ	אל בוסתאן	אל בוסתנ	אל בוסתן	translated	1.0	SAME	אל בוסתאן --[located_in]--> סילואן; אל בוסתן --[located_in]--> סילואן
אמנה בינלאומית בדבר זכויות כלכליות, חברות ותרבותיות	אמנה בינלאומית בדבר זכויות כלכליות, חברות ותרבותיות	האמנה הבינלאומית בדבר זכויות כלכליות וחברתיות	האמנה הבינלאומית בדבר זכויות כלכליות וחברתיות	translated	1.0	SAME	אמנה בינלאומית בדבר זכויות כלכליות, חברות ותרבותיות --[adopted_in]--> 1966; אמנה בינלאומית בדבר זכויות כלכליות, חברות ותרבותיות --[נכנסה_לתוקף]--> 1991; ישראל --[אישרה]--> האמנה הבינלאומית בדבר זכויות כלכליות וחברתיות; ישראל --[חתמה_על]--> האמנה הבינלאומית בדבר זכויות כלכליות וחברתיות
בגדה המערבית	בגדה המערבית	בגדה	בגדה	translated	1.0	SAME	בגדה המערבית --[controlled_by]--> המשטר הישראלי; חברון --[located_in]--> בגדה המערבית; ישראל --[controls]--> בגדה המערבית; ישראל --[established_settlements_in]--> בגדה המערבית; ישראל --[שולטת_ב]--> בגדה המערבית; החקלאות הישראלית --[located_in]--> בגדה
בית עילית	בית עילית	ביתו עילית	ביתו עילית	translated	1.0	DIFFERENT	
ברקנ (בית אב"א)	ברקן (בית אב"א)	ברקנ (בית אב'א)	ברקן (בית אב'א)	translated	1.0	DIFFERENT	
ג'יפתליק	ג'יפתליק	הג'יפתליכ	הג'יפתליכ	translated	1.0	DIFFERENT	
גילי	גילי	גיל'י	גיל'י	translated	1.0	DIFFERENT	
דונאלד טראמפ	דונאלד טראמפ	דונלד טראמפ	דונלד טראמפ	translated	1.0	SAME	דונאלד טראמפ --[proposed]--> תוכנית המאה; דונאלד טראמפ --[proposed_initiative_regarding]--> יהודה ושומרון; דונלד טראמפ --[elected_president_of]--> ארה"ב
הבית היהודי	הבית היהודי	בית היהודי	בית היהודי	translated	1.0	DIFFERENT	
ההתנחלויות	ההתנחלויות	ההתנחלות	ההתנחלות	translated	1.0	SAME	ההתנחלויות --[located_in]--> הגדה המערבית; ההתנחלות --[located_in]--> הגדה המערבית
הווקפ המוסלמי	הווקף המוסלמי	וקפ המוסלמי	וקף המוסלמי	translated	1.0	DIFFERENT	
החקלאימ הפלסטינימ	החקלאים הפלסטינים	חקלאימ פלסטינימ	חקלאים פלסטינים	translated	1.0	SAME	חקלאים פלסטינים --[located_in]--> הגדה המערבית; מתנחלים --[restrict_access]--> חקלאים פלסטינים; מתנחלים --[מונעים]--> חקלאים פלסטינים; מתנחלים מחלמיש --[removed_from]--> חקלאים פלסטינים
הרשויות המקומיות	הרשויות המקומיות	רשויות מקומיות	רשויות מקומיות	translated	1.0	DIFFERENT	
השר הנוספ	השר הנוסף	שר הנוספ	שר הנוסף	translated	1.0	SAME	המינהל האזרחי --[כפוף_ל]--> השר הנוסף; השר הנוסף --[responsible_for]--> המעטפת הארגונית; השר הנוסף --[responsible_for]--> מינויים במינהל האזרחי; השר הנוסף --[ממונה_על]--> המינהל האזרחי; השר הנוסף --[ממונה_על]--> מתאם פעולות הממשלה בשטחים; מינהלת ההתיישבות --[כפופה_ל]--> השר הנוסף; סמוטריץ' --[is]--> השר הנוסף; סעיף 11 --[defines_responsibility_of]--> השר הנוסף; סעיף 12 --[defines_responsibility_of]--> השר הנוסף; מינהלת ההתיישבות --[כפוף_ל]--> שר הנוסף
השר סמוטריצ'	השר סמוטריץ'	שר סמוטריצ'	שר סמוטריץ'	translated	1.0	SAME	השר סמוטריץ' --[sought_to_define]--> פעולות הרשות הפלסטינית; שר סמוטריץ' --[מקבל_סמכויות]--> התכנון והבנייה
התנחלויות ישראליות	התנחלויות ישראליות	ההתנחלויות הישראליות	ההתנחלויות הישראליות	translated	1.0	SAME	ישראל --[הוקצו_לטובת]--> התנחלויות ישראליות; ההתנחלויות הישראליות --[כוללות]--> אדמות חקלאיות; ההתנחלויות הישראליות --[כוללות]--> אתרים ארכיאולוגיים
וושינגטונ	וושינגטון	ווינגטונ	ווינגטון	translated	1.0	SAME	הסכם ביניים ישראלי-פלסטיני בדבר הגדה המערבית ורצועת עזה --[signed_in]--> וושינגטון; הסכם ביניים ישראלי-פלסטיני בדבר הגדה המערבית ורצועת עזה --[signed_in]--> ווינגטון
ח'רבת אבו פלאח	ח'רבת אבו פלאח	ח'רבת אבו-פלאח	ח'רבת אבו-פלאח	translated	1.0	SAME	קהילת אל-קבון --[located_in]--> ח'רבת אבו פלאח; קהילת עין סאמיה --[relocated_to]--> ח'רבת אבו-פלאח
חאנ יונס	חאן יונס	חאנ-יונס	חאן-יונס	translated	1.0	SAME	האו"ם --[הכריזה_על_רעב_המוני]--> חאן יונס; צה"ל --[conducted_strike_in]--> חאן יונס; חאן-יונס --[located_in]--> רצועת עזה
חירבת טובא	חירבת טובא	ח'ירבת טובא	ח'ירבת טובא	translated	1.0	DIFFERENT	
טול-כרמ	טול-כרם	טולכרמ	טולכרם	translated	1.0	SAME	הצבא הישראלי --[הודיע_על_כוונה_להרוס_בתים_ב]--> טול-כרם; סאמי א-סאעי --[תושב]--> טול-כרם
טרור	טרור	הטרור	הטרור	translated	1.0	SAME	הטרור --[aims_to_establish]--> מדינה ערבית; הטרור --[targets]--> החברה הישראלית
יישוב הדעת	יישוב הדעת	ישוב הדעת	ישוב הדעת	translated	1.0	DIFFERENT	
מדינה פלסטינית	מדינה פלסטינית	מדינה פלשתינית	מדינה פלשתינית	translated	1.0	DIFFERENT	
מדיניות ההתנחלות הישראלית	מדיניות ההתנחלות הישראלית	מדיניות ההתיישבות הישראלית	מדיניות ההתיישבות הישראלית	translated	1.0	SAME	זה שלנו, זה גם כן --[concerns]--> מדיניות ההתנחלות הישראלית; מדיניות ההתנחלות הישראלית --[led_to]--> עלייה באלימות; מדיניות ההתנחלות הישראלית --[located_in]--> גדה המערבית; מדיניות ההתיישבות הישראלית --[implemented_by]--> ממשלות המערך; תוכנית אלון --[influenced]--> מדיניות ההתיישבות הישראלית
מדיניות ההתנחלות הישראלית	מדיניות ההתנחלות הישראלית	מדיניות ההתנחלויות של ישראל	מדיניות ההתנחלויות של ישראל	translated	1.0	SAME	זה שלנו, זה גם כן --[concerns]--> מדיניות ההתנחלות הישראלית; מדיניות ההתנחלות הישראלית --[led_to]--> עלייה באלימות; מדיניות ההתנחלות הישראלית --[located_in]--> גדה המערבית; בית הדין הבינלאומי לצדק --[ruled_on]--> מדיניות ההתנחלויות של ישראל; בצלם --[published_reports_on]--> מדיניות ההתנחלויות של ישראל; כרם נבות --[published_reports_on]--> מדיניות ההתנחלויות של ישראל; מדיניות ההתנחלויות של ישראל --[מפרה]--> המשפט הבינלאומי
המועצה האזורית	המועצה האזורית	מועצה אזורית	מועצה אזורית	translated	1.0	SAME	המועצה האזורית --[manages]--> תל שילה-ח'רבת סילון; המועצה האזורית --[proposed_construction_in]--> מעלה רחבעם; המועצה האזורית --[signed_agreement_with]--> החברה הממשלתית לתיירות; המועצה האזורית --[submitted_request_for]--> חפירות ארכיאולוגיות; המועצה האזורית --[transferred_management_to]--> משכן שילה
מועצה מייצגת	מועצה מייצגת	המועצה המייצגת	המועצה המייצגת	translated	1.0	SAME	אוניברסיטת ישראליות --[חברים_ב]--> מועצה מייצגת; מועצה מייצגת --[פועלת_תחת]--> המינהל האזרחי; ראש המינהל האזרחי --[authorized_to_establish]--> מועצה מייצגת; רשות העתיקות הישראלית --[נציג_ב]--> מועצה מייצגת; המועצה המייצגת --[דנה_ב]--> בקשות לרישיונות חפירה; קמ"ט ארכיאולוגיה --[מדווח_ל]--> המועצה המייצגת
מפקדימ למענ ביטחונ ישראל	מפקדים למען ביטחון ישראל	תנועת "מפקדימ למענ ביטחונ ישראלי"	תנועת "מפקדים למען ביטחון ישראלי"	translated	1.0	DIFFERENT	
ניו יורק טיימס	ניו יורק טיימס	ניו-יורק טיימס	ניו-יורק טיימס	translated	1.0	DIFFERENT	
סעיפ 49(6)	סעיף 49(6)	סעיפ 49 (6)	סעיף 49 (6)	translated	1.0	SAME	סעיף 49(6) --[part_of]--> אמנת ז'נבה הרביעית; סעיף 49 (6) --[part_of]--> אמנת ז'נבה הרביעית
סעיפ 5	סעיף 5	סעיפ מס' 5	סעיף מס' 5	translated	1.0	DIFFERENT	
עדאלה	עדאלה	עזאלה	עזאלה	translated	1.0	DIFFERENT	
פיראס עלמי	פיראס עלמי	פראס עלמי	פראס עלמי	translated	1.0	DIFFERENT	
קמ"ט	קמ"ט	קמ"ט שמורות הטבע והגנימ הלאומיימ	קמ"ט שמורות הטבע והגנים הלאומיים	translated	1.0	DIFFERENT	
רבנימ למענ זכויות האדמ	רבנים למען זכויות האדם	רבנימ למענ זכויות אדמ	רבנים למען זכויות אדם	translated	1.0	DIFFERENT	
רבנימ למענ זכויות האדמ	רבנים למען זכויות האדם	רבנימ לזכויות אדמ	רבנים לזכויות אדם	translated	1.0	DIFFERENT	
רמת הגולנ	רמת הגולן	הגולנ	הגולן	translated	1.0	DIFFERENT	
שומר החומות	שומר החומות	ישומר החומות	ישומר החומות	translated	1.0	SAME	שומר החומות --[located_in]--> עזה; שומר החומות --[occurred_in]--> מאי 2021; ישומר החומות --[located_in]--> רצועת עזה; ישומר החומות --[occurred_in]--> 2021
שומרי משפטי	שומרי משפטי	שומרי משפט	שומרי משפט	translated	1.0	DIFFERENT	
שתי מדינות	שתי מדינות	פתרונ של שתי מדינות	פתרון של שתי מדינות	translated	1.0	SAME	המתיישבים האידיאולוגיים --[oppose]--> שתי מדינות; מתיישבי איכות חיים --[support]--> שתי מדינות
10,000 דונמימ	10,000 דונמים	10,000 דונמ	10,000 דונם	translated	1.0	SAME	תקוע --[prevents_palestinian_access_to]--> 10,000 דונם
3,000 דונמ	3,000 דונם	3,000 דונמימ	3,000 דונמים	translated	1.0	DIFFERENT	
א-רימאל	א-רימאל	א־רימאל	א־רימאל	translated	1.0	SAME	א-רימאל --[located_in]--> עזה; א־רימאל --[located_in]--> עזה
א-שויווח	א-שויווח	א-שויוח'	א-שויוח'	translated	1.0	DIFFERENT	
אוגדת אי"ש	אוגדת אי"ש	אוגדת איו"ש	אוגדת איו"ש	translated	1.0	DIFFERENT	
איומ סימבולי	איום סימבולי	האיומ הסימבולי	האיום הסימבולי	translated	1.0	DIFFERENT	
אל ערוב	אל ערוב	אלערוב	אלערוב	translated	1.0	SAME	כביש מס' 60 --[passes_through]--> אל ערוב
אלופ יהודה פוקס	אלוף יהודה פוקס	אלופ פיקוד המרכז יהודה פוקס	אלוף פיקוד המרכז יהודה פוקס	translated	1.0	SAME	אלוף יהודה פוקס --[ראש]--> פיקוד המרכז; אלוף פיקוד המרכז יהודה פוקס --[wrote_letter_to]--> רמטכ"ל
אמנת האג	אמנת האג	אמנונ האג	אמנון האג	translated	1.0	DIFFERENT	
אמנות ז'נבה	אמנות ז'נבה	אמנות זינבה	אמנות זינבה	translated	1.0	DIFFERENT	
אמנת האומות המאוחדות	אמנת האומות המאוחדות	מגילת האומות המאוחדות	מגילת האומות המאוחדות	translated	1.0	DIFFERENT	
אפוטרופוס לנכסי נפקדימ	אפוטרופוס לנכסי נפקדים	האפוטרופוס לנכסי נפקדימ	האפוטרופוס לנכסי נפקדים	translated	1.0	DIFFERENT	
ארא"ל	ארא"ל	אראל	אראל	translated	1.0	DIFFERENT	
ארגמ"נ	ארגמ"ן	ארגמינ	ארגמין	translated	1.0	DIFFERENT	
אתרי עתיקות	אתרי עתיקות	אתרי העתיקות	אתרי העתיקות	translated	1.0	DIFFERENT	
בטנ אל הוא	בטן אל הוא	בטנ אל הווא	בטן אל הווא	translated	1.0	DIFFERENT	
בית איכסא	בית איכסא	בית אכסא	בית אכסא	translated	1.0	SAME	בית איכסא --[located_in]--> הגדה המערבית
בית החולימ	בית החולים	בית חולימ	בית חולים	translated	1.0	DIFFERENT	
בעלי הקרקע הפלסטינימ	בעלי הקרקע הפלסטינים	בעלי הקרקעות הפלסטינימ	בעלי הקרקעות הפלסטינים	translated	1.0	DIFFERENT	
בתי הכלא בישראל	בתי הכלא בישראל	בתי הסוהר בישראל	בתי הסוהר בישראל	translated	1.0	DIFFERENT	
בתי ספר	בתי ספר	בתי-ספר	בתי-ספר	translated	1.0	SAME	הצעות חוק --[מבקשות_להטיל_פיקוח_על]--> בתי ספר; קברי אחים --[שוכנים_ב]--> בתי ספר
דו"קאת	דו"קאת	דוקאת	דוקאת	translated	1.0	DIFFERENT	
דינ הירדני	דין הירדני	הדינ הירדני	הדין הירדני	translated	1.0	SAME	המפקד הצבאי --[כפוף_ל]--> דין הירדני
דיני קרקעות במדינת ישראל	דיני קרקעות במדינת ישראל	חוקי הקרקעות במדינת ישראל	חוקי הקרקעות במדינת ישראל	translated	1.0	DIFFERENT	
דיר אל-בלאח	דיר אל-בלאח	דיר אל-בלח	דיר אל-בלח	translated	1.0	SAME	האו"ם --[הכריזה_על_רעב_המוני]--> דיר אל-בלאח; אמאני --[עבדה_ב]--> דיר אל-בלח
האוכלוסייה היהודית	האוכלוסייה היהודית	אוכלוסייה יהודית	אוכלוסייה יהודית	translated	1.0	DIFFERENT	
האמנה למניעת רצח עמ	האמנה למניעת רצח עם	האמנה נגד רצח עמ	האמנה נגד רצח עם	translated	1.0	DIFFERENT	
הדו"ח	הדו"ח	הדוח	הדוח	translated	1.0	SAME	הדו"ח --[מבוסס_על]--> סקר מקיף וחסר תקדים בהיקפו; הדוח --[מוגש_על_ידי]--> שלושה-עשר ארגוני זכויות אדם הפועלים בישראל
הדינ הבינלאומי ההומניטרי	הדין הבינלאומי ההומניטרי	הדינ ההומניטארי הבינלאומי	הדין ההומניטארי הבינלאומי	translated	1.0	DIFFERENT	
הדינ הבינלאומי ההומניטרי	הדין הבינלאומי ההומניטרי	חוק ההומניטרי הבינלאומי	חוק ההומניטרי הבינלאומי	translated	1.0	DIFFERENT	
הדינ ההומניטארי הבינלאומי	הדין ההומניטארי הבינלאומי	חוק ההומניטרי הבינלאומי	חוק ההומניטרי הבינלאומי	translated	1.0	DIFFERENT	
הוראת השעה	הוראת השעה	הוראת שעה	הוראת שעה	translated	1.0	SAME	הוראת שעה --[prohibits_granting_status_to]--> פלסטינים; הכנסת --[enacted]--> הוראת שעה
החוק הבינ-לאומי	החוק הבין-לאומי	המשפט הבינ-לאומי	המשפט הבין-לאומי	translated	1.0	DIFFERENT	
הליכ הסדר המקרקעינ	הליך הסדר המקרקעין	הליכ הסדר רישומ המקרקעינ	הליך הסדר רישום המקרקעין	translated	1.0	DIFFERENT	
הלשכה המרכזית הפלסטינית לסטטיסטיקה	הלשכה המרכזית הפלסטינית לסטטיסטיקה	הלשכה הפלסטינית המרכזית לסטטיסטיקה	הלשכה הפלסטינית המרכזית לסטטיסטיקה	trigram	1.0	DIFFERENT	
המאחז עדי	המאחז עדי	מאחז עדי	מאחז עדי	translated	1.0	SAME	המאחז עדי --[located_in]--> גדה המערבית; מאחז עדי --[located_in]--> שילה
המועצה המקומית	המועצה המקומית	מועצה מקומית	מועצה מקומית	translated	1.0	DIFFERENT	
בית המשפט המחוזי	בית המשפט המחוזי	המחוזי	המחוזי	translated	1.0	DIFFERENT	
המת"ק	המת"ק	המתייק	המתייק	translated	1.0	DIFFERENT	
המתיישבימ	המתיישבים	מתיישבימ	מתיישבים	translated	1.0	DIFFERENT	
העירייה	העירייה	עירייה	עירייה	translated	1.0	DIFFERENT	
הפלשתינית	הפלשתינית	הרשות הפלשתינית	הרשות הפלשתינית	translated	1.0	DIFFERENT	
הצוות המקצועי לגיבוש מתווה להסדרת בנייה באי"ש	הצוות המקצועי לגיבוש מתווה להסדרת בנייה באי"ש	הצוות המקצועי לגיל בוש מתווה להסדרת בנייה באיו"ש	הצוות המקצועי לגיל בוש מתווה להסדרת בנייה באיו"ש	translated	1.0	DIFFERENT	
הקהילה הבינ-לאומית	הקהילה הבין-לאומית	הקהילייה הבינלאומית	הקהילייה הבינלאומית	translated	1.0	DIFFERENT	
הר-חברונ	הר-חברון	הרי חברונ	הרי חברון	translated	1.0	DIFFERENT	
הרמדאנ	הרמדאן	רמדאנ	רמדאן	translated	1.0	DIFFERENT	
התושבימ	התושבים	תושבימ	תושבים	translated	1.0	DIFFERENT	
התנחלויות הלא חרדיות	התנחלויות הלא חרדיות	התנחלויות לא-חרדיות	התנחלויות לא-חרדיות	translated	1.0	SAME	משרד הפנים --[מעניק_מענקים_ל]--> התנחלויות הלא חרדיות; התנחלויות לא-חרדיות --[located_beyond]--> קו הירוק; התנחלויות לא-חרדיות --[received_highest_per_capita_support]--> מדינת ישראל; מדינת ישראל --[provided_support_to]--> התנחלויות לא-חרדיות
התקופה הביזנטית	התקופה הביזנטית	תקופה הביזאנטית	תקופה הביזאנטית	translated	1.0	DIFFERENT	
ועדת המשנה לענייני איו"ש	ועדת המשנה לענייני איו"ש	ועדת המשנה לענייני יו"ש	ועדת המשנה לענייני יו"ש	translated	1.0	DIFFERENT	
ח'ירבת סמרה	ח'ירבת סמרה	ח'רבת סמרה	ח'רבת סמרה	translated	1.0	DIFFERENT	
ח'יתאמ דענא-אל-קימרי	ח'יתאם דענא-אל-קימרי	ח'תאמ דענא-אל-קימרי	ח'תאם דענא-אל-קימרי	translated	1.0	DIFFERENT	
ח'רבת זנותה	ח'רבת זנותה	חירבת זנותה	חירבת זנותה	translated	1.0	SAME	ד'אהרייה --[connected_to]--> ח'רבת זנותה; חוות אשתמוע --[located_near]--> ח'רבת זנותה; חוות יהודה --[located_near]--> ח'רבת זנותה; שמעה --[located_near]--> ח'רבת זנותה; המינהל האזרחי --[issued_demolition_orders_in]--> חירבת זנותה; חירבת זנותה --[located_in]--> הר חברון; חירבת זנותה --[located_near]--> קו הירוק; חירבת זנותה --[surrounded_by]--> התנחלויות
חג הסוכות	חג הסוכות	סוכות	סוכות	translated	1.0	SAME	המועצה האזורית שומרון --[מציעה]--> חג הסוכות; המועצה האזורית שומרון --[organizes_events]--> סוכות
חוק 'פינוי-פיצוי'	חוק 'פינוי-פיצוי'	חוק פינוי-פיצוי	חוק פינוי-פיצוי	translated	1.0	SAME	ממשלת ישראל --[may_enact]--> חוק 'פינוי-פיצוי'; אריאל --[willing_to_consider]--> חוק פינוי-פיצוי; מתיישבי איכות חיים --[support]--> חוק פינוי-פיצוי; מתיישבי איכות חיים --[willing_to_consider]--> חוק פינוי-פיצוי
חירות	חירות	חרות	חרות	translated	1.0	DIFFERENT	
טבח ה-7 באוקטובר	טבח ה-7 באוקטובר	טבח השבעה באוקטובר	טבח השבעה באוקטובר	translated	1.0	DIFFERENT	
טבח ה-7 באוקטובר	טבח ה-7 באוקטובר	טבח שבעה באוקטובר	טבח שבעה באוקטובר	translated	1.0	SAME	טבח שבעה באוקטובר --[התרחש_ב]--> ישראל
טבח השבעה באוקטובר	טבח השבעה באוקטובר	טבח שבעה באוקטובר	טבח שבעה באוקטובר	translated	1.0	DIFFERENT	
יש דינ	יש דין	י"ש ד"נ	י"ש ד"ן	translated	1.0	SAME	יש דין --[documents]--> מצפה כרמים; י"ש ד"ן --[documented_statistics_about]--> אלימות מתנחלים
יישובימ ישראליימ	יישובים ישראליים	יישובימ ישראלימ	יישובים ישראלים	translated	1.0	DIFFERENT	
כביש מס' 60	כביש מס' 60	כביש מספר 60	כביש מספר 60	translated	1.0	SAME	כביש מס' 60 --[passes_through]--> אל ערוב; כביש מס' 60 --[passes_through]--> בית אומר; תכנית יוש/90/20 --[concerns]--> כביש מס' 60
לובנ א-שרקיה	לובן א-שרקיה	לובנ א-שרקייה	לובן א-שרקייה	translated	1.0	DIFFERENT	
מאזנ הגירה בינלאומי	מאזן הגירה בינלאומי	מאזנ ההגירה הבינלאומי	מאזן ההגירה הבינלאומי	translated	1.0	SAME	לוח 18 --[describes]--> מאזן ההגירה הבינלאומי; מאזן ההגירה הבינלאומי --[located_in]--> אי"ש
מחוז תל אביב	מחוז תל אביב	מחוז תל-אביב	מחוז תל-אביב	translated	1.0	SAME	מחוז תל-אביב --[located_in]--> ישראל
מחסומי הקבע	מחסומי הקבע	מחסומי קבע	מחסומי קבע	translated	1.0	SAME	האגודה לזכויות האזרח --[filed_petition_about]--> מחסומי קבע; המוקד להגנת הפרט --[filed_petition_about]--> מחסומי קבע; מחסומי קבע --[located_in]--> ירושלים המזרחית; עמותת עיר עמים --[filed_petition_about]--> מחסומי קבע
מיכאל דקל	מיכאל דקל	מכאל דקל	מכאל דקל	translated	1.0	DIFFERENT	
מלחמת יומ הכיפורימ	מלחמת יום הכיפורים	מלחמת יומ כיפור	מלחמת יום כיפור	translated	1.0	SAME	מלחמת יום כיפור --[התרחשה_בתאריך]--> אוקטובר 1973
המפקד הצבאי בגדה המערבית	המפקד הצבאי בגדה המערבית	מפקד הצבאי בגדה	מפקד הצבאי בגדה	translated	1.0	DIFFERENT	
מפקד כוחות צה"ל באזור יהודה והשומרונ	מפקד כוחות צה"ל באזור יהודה והשומרון	מפקד כוחות צה"ל באזור יהודה ושומרונ	מפקד כוחות צה"ל באזור יהודה ושומרון	translated	1.0	DIFFERENT	
מרכז 'מאקרו' לכלכלה מדינית	מרכז 'מאקרו' לכלכלה מדינית	מרכז מאקרו לכלכלה מדינית	מרכז מאקרו לכלכלה מדינית	translated	1.0	SAME	מרכז מאקרו לכלכלה מדינית --[conducted_research_in]--> 2015; מרכז מאקרו לכלכלה מדינית --[conducted_research_in]--> 2016
מתקני המעצר הישראלימ	מתקני המעצר הישראלים	מתקני מעצר ישראלימ	מתקני מעצר ישראלים	translated	1.0	SAME	איתמר בן גביר --[ממונה_על]--> מתקני המעצר הישראלים; מתקני המעצר הישראלים --[located_in]--> ישראל
נוער גבעות	נוער גבעות	נוער הגבעות	נוער הגבעות	translated	1.0	DIFFERENT	
עינ אל מחייבר	עין אל מחייבר	עינ אל-מחייבר	עין אל-מחייבר	translated	1.0	SAME	עין אל מחייבר --[located_in]--> לבן א-שרקיה; עין אל מחייבר --[renamed_to]--> עין עוד; גבעת הראל --[overlooks]--> עין אל-מחייבר; גבעת הרואה --[overlooks]--> עין אל-מחייבר
עינ אל עריק	עין אל עריק	עינ אל-עריק	עין אל-עריק	translated	1.0	SAME	עין אל עריק --[located_in]--> קריות; עין אל-עריק --[located_in]--> קריות
עלי מוחמד עיסא מוסא	עלי מוחמד עיסא מוסא	עלי מחמד עיסא מוסא	עלי מחמד עיסא מוסא	translated	1.0	DIFFERENT	
העתיקות	העתיקות	עתיקות	עתיקות	translated	1.0	DIFFERENT	
פסקת ההתגברות	פסקת ההתגברות	פסקת התגברות	פסקת התגברות	translated	1.0	DIFFERENT	
צו בדבר הוראות בטחונ (יהודה ושומרונ) (מס' 378), התש'ל - 1970	צו בדבר הוראות בטחון (יהודה ושומרון) (מס' 378), התש'ל - 1970	צו בדבר הוראות ביטחונ (יהודה והשומרונ) (מס' 378), התשי"ל-1970	צו בדבר הוראות ביטחון (יהודה והשומרון) (מס' 378), התשי"ל-1970	translated	1.0	SAME	צו בדבר הוראות ביטחון (יהודה והשומרון) (מס' 378), התשי"ל-1970 --[applies_to]--> יהודה ושומרון
צו בדבר הסדר קרקעות ומימ (יהודה והשומרונ) (מס' 291), תשכ"ט-1968	צו בדבר הסדר קרקעות ומים (יהודה והשומרון) (מס' 291), תשכ"ט-1968	צו בדבר הסדר קרקעות ומימ (יהודה ושומרונ) (מס' 291) התשכ"ח	צו בדבר הסדר קרקעות ומים (יהודה ושומרון) (מס' 291) התשכ"ח	translated	1.0	DIFFERENT	
צו בדבר ניהול מועצות אזוריות (יהודה והשומרונ) (מס' 783) התשל"ט-1979	צו בדבר ניהול מועצות אזוריות (יהודה והשומרון) (מס' 783) התשל"ט-1979	צו בדבר ניהול מועצות אזוריות (יהודה והשומרונ) (מס' 783), תשל"ט-1979	צו בדבר ניהול מועצות אזוריות (יהודה והשומרון) (מס' 783), תשל"ט-1979	translated	1.0	DIFFERENT	
צו בדבר רכוש ממשלתי (מס' 59) התשכ"ז	צו בדבר רכוש ממשלתי (מס' 59) התשכ"ז	צו בדבר רכוש ממשלתי (מס' 59), תשכ"ז-1967	צו בדבר רכוש ממשלתי (מס' 59), תשכ"ז-1967	translated	1.0	SAME	צו בדבר רכוש ממשלתי (מס' 59), תשכ"ז-1967 --[defines]--> המקרקעין בגדה המערבית
צווי התפיסה	צווי התפיסה	צווי תפיסה	צווי תפיסה	translated	1.0	SAME	צווי התפיסה --[serve]--> המתנחלים; בג"ץ אלון מורה --[קבע_הגבלה_על]--> צווי תפיסה; צווי תפיסה --[issued_in]--> גדה המערבית
הציונות	הציונות	ציונות	ציונות	translated	1.0	SAME	הציונות --[promoted]--> יישובי ספר ואבטחת הגבולות; התנועה הלאומית הפלשתינית --[תנועת-שלילה_ל]--> הציונות; ציונות --[built_on]--> חילופי אוכלוסין
הקרקע	הקרקע	קרקע	קרקע	translated	1.0	DIFFERENT	
רבנימ לזכויות אדמ	רבנים לזכויות אדם	רבנימ למענ זכויות אדמ	רבנים למען זכויות אדם	translated	1.0	DIFFERENT	
שדה יהונתנ	שדה יהונתן	שדה יונתנ	שדה יונתן	translated	1.0	DIFFERENT	
שטח הכבוש	שטח הכבוש	שטח כבוש	שטח כבוש	translated	1.0	SAME	המתנחלים --[live_in]--> שטח כבוש
שומרונ	שומרון	שמרונ	שמרון	translated	1.0	DIFFERENT	
תקנות הגלויות לאמנת האג בדבר דיני המלחמה ביבשה	תקנות הגלויות לאמנת האג בדבר דיני המלחמה ביבשה	תקנות הנלוות לאמנת האג בדבר דיני המלחמה ביבשה	תקנות הנלוות לאמנת האג בדבר דיני המלחמה ביבשה	translated	1.0	DIFFERENT	
תשתיות המימ	תשתיות המים	תשתית המימ	תשתית המים	translated	1.0	DIFFERENT	
בעלי אדמות פלסטינימ	בעלי אדמות פלסטינים	בעלי האדמות הפלסטינימ	בעלי האדמות הפלסטינים	translated	1.0	SAME	בעלי אדמות פלסטינים --[filed_petition]--> בית המשפט העליון; בעלי האדמות הפלסטינים --[filed_petition]--> ע"א 7668/18
בקר	בקר	הבקר	הבקר	translated	1.0	DIFFERENT	
דרכ העפר	דרך העפר	דרכ עפר	דרך עפר	translated	1.0	DIFFERENT	
הג'נוס"ד	הג'נוס"ד	הג'נוסייד	הג'נוסייד	translated	1.0	DIFFERENT	
ההתנחלויות בגדה	ההתנחלויות בגדה	ההתנחלויות בגדה המערבית	ההתנחלויות בגדה המערבית	translated	1.0	DIFFERENT	
הפרות הדינ הבינלאומי	הפרות הדין הבינלאומי	הפרות של הדינ הבינ-לאומי	הפרות של הדין הבין-לאומי	translated	1.0	DIFFERENT	
מערכ היישובימ היהודי	מערך היישובים היהודי	מערכ היישובימ היהודיימ	מערך היישובים היהודיים	translated	1.0	DIFFERENT	
מתיישבי אי"ש	מתיישבי אי"ש	מתיישבי איזיש	מתיישבי איזיש	translated	1.0	DIFFERENT	
עדרי הצאנ	עדרי הצאן	עדרי צאנ	עדרי צאן	translated	1.0	DIFFERENT	
צווי הפינוי	צווי הפינוי	צווי פינוי	צווי פינוי	translated	1.0	SAME	בא כוח המדינה --[cancelled]--> צווי הפינוי; ישראל --[distributed]--> צווי הפינוי; בג"ץ --[rejected_petition]--> צווי פינוי; המינהל האזרחי --[issued]--> צווי פינוי; צווי פינוי --[issued_against]--> פלסטינים; צווי פינוי --[issued_in]--> אוגוסט 2012; צווי פינוי --[located_in]--> גבעת העיטם
קרקעות בגדה	קרקעות בגדה	קרקעות בגדה המערבית	קרקעות בגדה המערבית	translated	1.0	DIFFERENT	
קרקעות בגדה	קרקעות בגדה	קרקעות הגדה	קרקעות הגדה	translated	1.0	DIFFERENT	
קרקעות פלסטיניות פרטיות	קרקעות פלסטיניות פרטיות	קרקעות פרטיות של פלסטינימ	קרקעות פרטיות של פלסטינים	translated	1.0	SAME	מתנחלים --[encroach_on]--> קרקעות פלסטיניות פרטיות; דרכים --[נסללו_ב]--> קרקעות פרטיות של פלסטינים
שטחי מרעה	שטחי מרעה	שטחימ למרעה	שטחים למרעה	translated	1.0	DIFFERENT	
ירושלימ	ירושלים	בני ברק	בני ברק	neighbor	1.0	DIFFERENT	
הגדה	הגדה	בגדה המערבית	בגדה המערבית	translated	1.0	SAME	ישראל --[controls]--> הגדה; ישראל --[established_settlements_in]--> הגדה; ישראל --[controls]--> בגדה המערבית; ישראל --[established_settlements_in]--> בגדה המערבית
ג'נינ	ג'נין	נור א-שמס	נור א-שמס	neighbor	1.0	DIFFERENT	
קריות	קריות	ג'אלוד	ג'אלוד	neighbor	1.0	DIFFERENT	
ראש צורימ	ראש צורים	נווה דניאל	נווה דניאל	neighbor	1.0	DIFFERENT	
מצפה שלמ	מצפה שלם	אלמוג	אלמוג	neighbor	1.0	DIFFERENT	
מצפה שלמ	מצפה שלם	ורד יריחו	ורד יריחו	neighbor	1.0	DIFFERENT	
בית הערבה	בית הערבה	ורד יריחו	ורד יריחו	neighbor	1.0	DIFFERENT	
שמעה	שמעה	שני	שני	neighbor	1.0	DIFFERENT	
אלמוג	אלמוג	ורד יריחו	ורד יריחו	neighbor	1.0	DIFFERENT	
רועי	רועי	יפית	יפית	neighbor	1.0	DIFFERENT	
רותמ	רותם	יפית	יפית	neighbor	1.0	DIFFERENT	
בקעות	בקעות	יפית	יפית	neighbor	1.0	DIFFERENT	
גלגל	גלגל	יפית	יפית	neighbor	1.0	DIFFERENT	
יפית	יפית	נעמי	נעמי	neighbor	1.0	DIFFERENT	
פסגות	פסגות	דולב	דולב	neighbor	1.0	DIFFERENT	
צופימ	צופים	שערי תקווה	שערי תקווה	neighbor	1.0	DIFFERENT	
צופימ	צופים	שקד	שקד	neighbor	1.0	DIFFERENT	
תורמוסעיא	תורמוסעיא	אל-מור'יר	אל-מור'יר	neighbor	1.0	DIFFERENT	
שערי תקווה	שערי תקווה	שקד	שקד	neighbor	1.0	DIFFERENT	
גבעונ החדשה	גבעון החדשה	כפר האורנימ	כפר האורנים	neighbor	1.0	DIFFERENT	
גבעונ החדשה	גבעון החדשה	מתתיהו	מתתיהו	neighbor	1.0	DIFFERENT	
כפר האורנימ	כפר האורנים	מתתיהו	מתתיהו	neighbor	1.0	DIFFERENT	
יש דינ	יש דין	במקומ	במקום	neighbor	1.0	DIFFERENT	
האגודה לזכויות האזרח בישראל	האגודה לזכויות האזרח בישראל	במקומ	במקום	neighbor	1.0	DIFFERENT	
המוקד להגנת הפרט	המוקד להגנת הפרט	הוועד הציבורי נגד עינויימ בישראל	הוועד הציבורי נגד עינויים בישראל	translated	1.0	DIFFERENT	
המוקד להגנת הפרט	המוקד להגנת הפרט	במקומ	במקום	neighbor	1.0	DIFFERENT	
יצחק רבינ	יצחק רבין	גולדה מאיר	גולדה מאיר	neighbor	1.0	DIFFERENT	
חומש	חומש	גנימ	גנים	neighbor	1.0	DIFFERENT	
חומש	חומש	כדימ	כדים	neighbor	1.0	DIFFERENT	
גנימ	גנים	כדימ	כדים	neighbor	1.0	DIFFERENT	
גנימ	גנים	שא-נור	שא-נור	neighbor	1.0	DIFFERENT	
כדימ	כדים	שא-נור	שא-נור	neighbor	1.0	DIFFERENT	
מעיינות	מעיינות	נועה	נועה	neighbor	1.0	DIFFERENT	
מעיינות	מעיינות	עמק דותנ	עמק דותן	neighbor	1.0	DIFFERENT	
מעיינות	מעיינות	רומ גלבוע	רום גלבוע	neighbor	1.0	DIFFERENT	
מעיינות	מעיינות	תענכ	תענך	neighbor	1.0	DIFFERENT	
נועה	נועה	עמק דותנ	עמק דותן	neighbor	1.0	DIFFERENT	
נועה	נועה	רומ גלבוע	רום גלבוע	neighbor	1.0	DIFFERENT	
נועה	נועה	תענכ	תענך	neighbor	1.0	DIFFERENT	
עמק דותנ	עמק דותן	רומ גלבוע	רום גלבוע	neighbor	1.0	DIFFERENT	
עמק דותנ	עמק דותן	תענכ	תענך	neighbor	1.0	DIFFERENT	
רומ גלבוע	רום גלבוע	תענכ	תענך	neighbor	1.0	DIFFERENT	
ישראל	ישראל	israel	Israel	translated	1.0	SAME	ישראל --[controls]--> הגדה המערבית; ישראל --[controls]--> גדה המערבית; ישראל --[controls]--> רצועת עזה; חמאס --[attacked]--> ישראל; ישראל --[attacked]--> רצועת עזה; ישראל --[controls]--> שטח C; ישראל --[declared]--> אדמות מדינה; ישראל --[imposed_blockade_on]--> רצועת עזה; מודיעין עילית --[located_in]--> ישראל; בית המשפט העליון --[located_in]--> ישראל; יהודה ושומרון --[located_in]--> ישראל
ישראל	ישראל	בישראל	בישראל	translated	1.0	DIFFERENT	
הגדה המערבית	הגדה המערבית	גדה	גדה	translated	1.0	SAME	ישראל --[controls]--> הגדה המערבית; התנחלויות --[located_in]--> הגדה המערבית; מצפה כרמים --[located_in]--> הגדה המערבית; בקעת הירדן --[located_in]--> הגדה המערבית; ישראל --[conquered]--> הגדה המערבית; מאחזי חוות --[located_in]--> הגדה המערבית; סאנור --[located_in]--> הגדה המערבית; גוש ההתנחלויות שמדרום לבית לחם --[located_in]--> הגדה המערבית; דיר ג'יר --[located_in]--> הגדה המערבית; דיר ג'ריר --[located_in]--> הגדה המערבית; הגדה המערבית --[located_in]--> ישראל; ההתנחלויות --[located_in]--> הגדה המערבית; בנימין-רמאללה --[located_in]--> גדה; בקעת הירדן --[located_in]--> גדה; ג'נין --[located_in]--> גדה; דרום הר חברון --[located_in]--> גדה; הבלאדים --[located_in]--> גדה; החלטה 360 --[מתייחסת_ל]--> גדה; חוות אברהם --[located_in]--> גדה; חקלאים ישראלים --[עיבדו]--> גדה; מאחזים --[ממוקמים_ב]--> גדה; ממשלת ישראל --[conducting_military_operations_in]--> גדה; מסיק הזיתים --[occurs_in]--> גדה; מעלה מכמש --[located_in]--> גדה
הגדה המערבית	הגדה המערבית	בגדה המערבית	בגדה המערבית	translated	1.0	SAME	ישראל --[controls]--> הגדה המערבית; ישראל --[controls]--> בגדה המערבית; התנחלויות --[located_in]--> הגדה המערבית; ההתנחלויות --[located_in]--> הגדה המערבית; חברון --[located_in]--> בגדה המערבית
הגדה המערבית	הגדה המערבית	west bank	West Bank	translated	1.0	SAME	ישראל --[controls]--> הגדה המערבית; התנחלויות --[located_in]--> הגדה המערבית; ישראל --[conquered]--> הגדה המערבית; הגדה המערבית --[located_in]--> ישראל
הגדה המערבית	הגדה המערבית	בגדה	בגדה	translated	1.0	DIFFERENT	
הגדה המערבית	הגדה המערבית	ביו"ש	ביו"ש	translated	1.0	SAME	ישראל --[controls]--> הגדה המערבית; ישראל --[conquered]--> הגדה המערבית; הגדה המערבית --[located_in]--> ישראל
יש דינ	יש דין	yesh din	Yesh Din	translated	1.0	SAME	יש דין --[same_as]--> Yesh Din
פלסטינימ	פלסטינים	הפלסטינימ	הפלסטינים	translated	1.0	SAME	פלסטינים --[located_in]--> גדה המערבית; מתנחלים --[committed_violence_against]--> פלסטינים; מתנחלים --[הרגו]--> פלסטינים; מתנחלים --[תקפו]--> פלסטינים; מתנחלים --[attacked]--> פלסטינים; מתנחלים --[commit_violence_against]--> פלסטינים; מתנחלים --[מפעילים_אלימות_נגד]--> פלסטינים; מתנחלים --[תוקפים]--> פלסטינים; המתנחלים --[commits_violence_against]--> הפלסטינים; המתנחלים --[seizes_land_from]--> הפלסטינים; המתנחלים --[מתקיפים]--> הפלסטינים
פלסטינימ	פלסטינים	palestinians	Palestinians	translated	1.0	SAME	פלסטינים --[located_in]--> גדה המערבית; מתנחלים --[committed_violence_against]--> פלסטינים; מתנחלים --[הרגו]--> פלסטינים; מתנחלים --[תקפו]--> פלסטינים; מתנחלים --[attacked]--> פלסטינים; מתנחלים --[commit_violence_against]--> פלסטינים; מתנחלים --[מפעילים_אלימות_נגד]--> פלסטינים; מתנחלים --[תוקפים]--> פלסטינים; פלסטינים --[reside_in]--> בקעה; 138 מדינות --[recognized]--> פלסטינים; אזרחים ישראלים --[committed_violence_against]--> פלסטינים; אזרחים ישראלים --[harm]--> פלסטינים; Israel --[excessive_use_of_force_against]--> Palestinians; Israel --[systematic_failure_to_prevent_attacks_against]--> Palestinians; settlers --[attacks_on]--> Palestinians; settlers --[dispossession_and_expulsion_of]--> Palestinians; settlers --[violence_against]--> Palestinians
המינהל האזרחי	המינהל האזרחי	המנהל אזרחי	המנהל אזרחי	translated	1.0	DIFFERENT	
המינהל האזרחי	המינהל האזרחי	מע"צ	מע"צ	translated	1.0	DIFFERENT	
רצועת עזה	רצועת עזה	חבל עזה	חבל עזה	translated	1.0	DIFFERENT	
בצלמ	בצלם	b'tselem	B'TSELEM	translated	1.0	SAME	בצלם --[is_also_known_as]--> B'TSELEM
בצלמ	בצלם	btselem	BTSELEM	translated	1.0	SAME	בצלם --[operates_in]--> מזרח ירושלים; בצלם --[operates_in]--> רצועת עזה; כרם נבות --[calculated_land_seizure_for]--> בצלם; כרם נבות --[conducted_calculation_for]--> בצלם; אולפת אל-כורד --[works_for]--> בצלם; איה חסונה א־סוסי --[gave_testimony_to]--> בצלם; אמיר אל-פאח'ורי --[testified_to]--> בצלם; באצטלה של חוקיות - הכרזות על אדמות מדינה בגדה המערבית --[published_by]--> בצלם; בצלם --[assessed_impact_on]--> א-לובן א-שרקייה; בצלם --[assessed_impact_on]--> א-סאווייה; בצלם --[assessed_impact_on]--> סינג'יל; בצלם --[assessed_impact_on]--> קריות
בצלמ	בצלם	بتسيلم	بتسيلم	translated	1.0	SAME	בצלם --[operates_in]--> מזרח ירושלים; בצלם --[operates_in]--> רצועת עזה; כרם נבות --[calculated_land_seizure_for]--> בצלם; כרם נבות --[conducted_calculation_for]--> בצלם; אולפת אל-כורד --[works_for]--> בצלם; איה חסונה א־סוסי --[gave_testimony_to]--> בצלם; אמיר אל-פאח'ורי --[testified_to]--> בצלם; באצטלה של חוקיות - הכרזות על אדמות מדינה בגדה המערבית --[published_by]--> בצלם; בצלם --[assessed_impact_on]--> א-לובן א-שרקייה; בצלם --[assessed_impact_on]--> א-סאווייה; בצלם --[assessed_impact_on]--> סינג'יל; בצלם --[assessed_impact_on]--> קריות
בצלמ	בצלם	מוסרי (בצלמו)	מוסרי (בצלמו)	translated	1.0	DIFFERENT	
בקעת הירדנ	בקעת הירדן	עמק הירדנ	עמק הירדן	translated	1.0	DIFFERENT	
בג"צ	בג"ץ	הקמ"ט	הקמ"ט	translated	1.0	DIFFERENT	
עזה	עזה	gaza	Gaza	translated	1.0	SAME	ישראל --[controls]--> עזה; מערכת הבריאות --[located_in]--> עזה; 1.9 מיליון פלסטינים --[located_in]--> עזה; 7 באוקטובר --[targeted]--> עזה; 83% מהמבנים --[located_in]--> עזה; Doctors of the World --[reported_on_pregnant_women]--> עזה; FAO --[assessed_damage_in]--> עזה; GHF --[located_in]--> עזה; UNOSAT --[assessed_damage_in]--> עזה; א-רימאל --[located_in]--> עזה; א-שוג'אעיה --[located_in]--> עזה; א-שיפא --[located_in]--> עזה
צה"ל	צה"ל	צבא הגנה לישראל	צבא הגנה לישראל	translated	1.0	SAME	צה"ל --[operates_in]--> גדה המערבית; אחמד אבו מוחסין --[עצור_על_ידי]--> צה"ל; יחידות ההגמ"ר --[כפופות_ל]--> צה"ל; יש דין --[published_report_about]--> צה"ל; מתנחלים --[use_weapons_from]--> צה"ל; מתנחלים קיצונים --[מקבלים_גיבוי_מ]--> צה"ל; צה"ל --[acknowledged_case_of]--> משפחת עיסא; צה"ל --[acknowledged_illegal_action]--> בקר; צה"ל --[acted_on_request_of]--> המתנחלים; צה"ל --[acted_without_authority_toward]--> בקר; צה"ל --[allocates_resources_to]--> מאחזים בלתי חוקיים; צה"ל --[allocates_resources_to]--> מתנחלים; צבא הגנה לישראל --[issued]--> צו מס' 59
צה"ל	צה"ל	נח"ל	נח"ל	translated	1.0	DIFFERENT	
צה"ל	צה"ל	פצ"ר	פצ"ר	translated	1.0	DIFFERENT	
מתנחלימ	מתנחלים	המתנחלימ	המתנחלים	translated	1.0	SAME	מתנחלים --[located_in]--> גדה המערבית; המתנחלים --[located_in]--> גדה המערבית; מתנחלים --[committed_violence_against]--> פלסטינים; המתנחלים --[commits_violence_against]--> הפלסטינים; מתנחלים --[seized_land_in]--> גדה המערבית; המינהל האזרחי --[transfers_land_to]--> המתנחלים
מתנחלימ	מתנחלים	settlers	settlers	translated	1.0	SAME	מתנחלים --[located_in]--> גדה המערבית; מתנחלים --[committed_violence_against]--> פלסטינים; מתנחלים --[הרגו]--> פלסטינים; מתנחלים --[תקפו]--> פלסטינים; מתנחלים --[attacked]--> פלסטינים; מתנחלים --[commit_violence_against]--> פלסטינים; מתנחלים --[seized_land_in]--> גדה המערבית; מתנחלים --[מפעילים_אלימות_נגד]--> פלסטינים; מתנחלים --[תוקפים]--> פלסטינים; settlers --[attacks_on]--> Palestinians; settlers --[dispossession_and_expulsion_of]--> Palestinians; settlers --[violence_against]--> Palestinians
מתנחלימ	מתנחלים	המתיישבימ	המתיישבים	translated	1.0	SAME	מתנחלים --[located_in]--> גדה המערבית; מתנחלים --[committed_violence_against]--> פלסטינים; מתנחלים --[הרגו]--> פלסטינים; מתנחלים --[תקפו]--> פלסטינים; מתנחלים --[attacked]--> פלסטינים; מתנחלים --[commit_violence_against]--> פלסטינים; מתנחלים --[seized_land_in]--> גדה המערבית; מתנחלים --[מפעילים_אלימות_נגד]--> פלסטינים; מתנחלים --[תוקפים]--> פלסטינים
מתנחלימ	מתנחלים	התושבימ שהתנחלו	התושבים שהתנחלו	translated	1.0	DIFFERENT	
מתנחלימ	מתנחלים	מתיישבימ	מתיישבים	translated	1.0	SAME	מתנחלים --[located_in]--> גדה המערבית; מתיישבים --[located_in]--> אריאל; מתיישבים --[located_in]--> איו"ש; מתיישבים --[located_in]--> איוש; מתיישבים --[work_in]--> יהודה ושומרון
מזרח ירושלימ	מזרח ירושלים	ירושלימ המזרחית	ירושלים המזרחית	translated	1.0	SAME	ישראל --[סיפחה]--> מזרח ירושלים; מזרח ירושלים --[located_in]--> ירושלים; ירושלים המזרחית --[located_in]--> ירושלים; ישראל --[סיפחה]--> ירושלים המזרחית; אונר"א --[הופעלה_בתי_ספר_ב]--> ירושלים המזרחית
הקו הירוק	הקו הירוק	קו הגדר	קו הגדר	translated	1.0	DIFFERENT	
שלומ עכשיו	שלום עכשיו	peace now	Peace Now	translated	1.0	SAME	שלום עכשיו --[co-authored]--> כרם נבות; שלום עכשיו --[documented]--> דרכים לא חוקיות; שלום עכשיו --[filed_petition]--> בג"ץ 9051/05; שלום עכשיו --[filed_petition_against]--> גבעת הרואה; שלום עכשיו --[filed_petition_against]--> המדינה; שלום עכשיו --[filed_petition_against]--> מעלה רחבעם; שלום עכשיו --[joined_as_amicus]--> בית המשפט העליון; שלום עכשיו --[obtained_information_via]--> חוק חופש המידע; שלום עכשיו --[provided_data_for]--> מחקר זה; שלום עכשיו --[published_report]--> צו 151
הפלסטינימ	הפלסטינים	palestinians	Palestinians	translated	1.0	SAME	הפלסטינים --[located_in]--> רצועת עזה; 7 באוקטובר --[targeted]--> הפלסטינים; ההפיכה המשטרית --[affects]--> הפלסטינים; המדינה --[חייבת_להגן_על]--> הפלסטינים; הממשלה הנוכחית --[displaces]--> הפלסטינים; המינהל האזרחי --[issued_demolition_orders_against]--> הפלסטינים; המינהל האזרחי --[העמיד_הגנות]--> הפלסטינים; המפקד הצבאי --[העמיד_הגנות]--> הפלסטינים; המשטר הישראלי --[מציג]--> הפלסטינים; המתנחלים --[commits_violence_against]--> הפלסטינים; המתנחלים --[seizes_land_from]--> הפלסטינים; המתנחלים --[מתקיפים]--> הפלסטינים; Israel --[excessive_use_of_force_against]--> Palestinians; Israel --[systematic_failure_to_prevent_attacks_against]--> Palestinians; settlers --[attacks_on]--> Palestinians; settlers --[dispossession_and_expulsion_of]--> Palestinians; settlers --[violence_against]--> Palestinians
הגדה	הגדה	west bank	West Bank	translated	1.0	SAME	גוש עציון --[located_in]--> הגדה; המתנחלים --[מתגוררים_ב]--> הגדה; הפלסטינים --[located_in]--> הגדה; התנחלויות --[located_in]--> הגדה; ישראל --[controls]--> הגדה
הגדה	הגדה	בגדה	בגדה	translated	1.0	SAME	אזור E1 --[צפוי_להעמיק_את_ביתור]--> הגדה; גוש עציון --[located_in]--> הגדה; המתנחלים --[מתגוררים_ב]--> הגדה; הפלסטינים --[located_in]--> הגדה; הפלסטינים --[residents_of]--> הגדה; הצבא --[הוראות_פתיחה_באש]--> הגדה; התנחלויות --[located_in]--> הגדה; חוות חקלאיות --[located_in]--> הגדה; חומת ברזל --[located_in]--> הגדה; חקלאות ישראלית --[located_in]--> הגדה; ישראל --[controls]--> הגדה; ישראל --[established_settlements_in]--> הגדה; החקלאות הישראלית --[located_in]--> בגדה
הגדה	הגדה	ביו"ש	ביו"ש	translated	1.0	DIFFERENT	
שטח c	שטח C	אזור c	אזור C	translated	1.0	SAME	ישראל --[controls]--> שטח C; שטח C --[located_in]--> גדה המערבית; הצבא הישראלי --[controls]--> שטח C; אזור C --[נתון_בשליטה]--> ישראל; מדינת ישראל --[controls]--> אזור C
המוקד להגנת הפרט	המוקד להגנת הפרט	הוועד הציבורי נגד עניינימ בישראל	הוועד הציבורי נגד עניינים בישראל	translated	1.0	DIFFERENT	
הרשות הפלסטינית	הרשות הפלסטינית	הפלשתינית	הפלשתינית	translated	1.0	DIFFERENT	
שוברימ שתיקה	שוברים שתיקה	breaking the silence	Breaking the Silence	translated	1.0	SAME	נדב וימן --[leads]--> שוברים שתיקה; שוברים שתיקה --[member_of]--> הפלטפורמה – ארגונים ישראלים למען זכויות אדם
כביש 60	כביש 60	ציר 60	ציר 60	translated	1.0	DIFFERENT	
קו הירוק	קו הירוק	קו הגדר	קו הגדר	translated	1.0	DIFFERENT	
הכנסת	הכנסת	כנסת	כנסת	translated	1.0	SAME	בצלאל סמוטריץ' --[member_of]--> הכנסת; איימן עודה --[member_of]--> כנסת; הכנסת --[approved]--> תקנות חירום; הכנסת --[passed]--> חקיקה; הכנסת --[חוקקה]--> חוק; הצעת חוק --[passed_in]--> כנסת; ועדת החוץ והביטחון --[part_of]--> כנסת
הכנסת	הכנסת	כנסת ישראל	כנסת ישראל	translated	1.0	SAME	בג"ץ 2055/17 --[involves]--> הכנסת; בצלאל סמוטריץ' --[member_of]--> הכנסת; הכנסת --[approved]--> תקנות חירום; הכנסת --[enacted]--> הוראת שעה; הכנסת --[enacted]--> חוק גירוש משפחות מחבלים; הכנסת --[enacted]--> חוק ערי ואזורי פיתוח; הכנסת --[passed]--> חקיקה; הכנסת --[אישרה]--> ביטול עילת הסבירות; הכנסת --[חוקקה]--> חוק; הכנסת --[חוקקה]--> חוק ההתנתקות; הכנסת --[חוקקה]--> חוק החרם; הכנסת --[חוקקה]--> חוק הנכבה; בג"ץ 1661/05 --[involves]--> כנסת ישראל; בג"ץ 5658/23 --[concerns]--> כנסת ישראל; התנועה לאיכות השלטון --[filed_petition_against]--> כנסת ישראל; כנסת ישראל --[not_legislator_in]--> הגדה המערבית
המתנחלימ	המתנחלים	settlers	settlers	translated	1.0	SAME	המתנחלים --[located_in]--> גדה המערבית; המתנחלים --[שולטים_על]--> שטח C; המתנחלים --[commits_violence_against]--> הפלסטינים; settlers --[attacks_on]--> Palestinians; settlers --[dispossession_and_expulsion_of]--> Palestinians; settlers --[violence_against]--> Palestinians
המתנחלימ	המתנחלים	המתיישבימ	המתיישבים	translated	1.0	DIFFERENT	
המתנחלימ	המתנחלים	התושבימ שהתנחלו	התושבים שהתנחלו	translated	1.0	SAME	המתנחלים --[located_in]--> גדה המערבית; המתנחלים --[שולטים_על]--> שטח C; הממשלה --[העניקה_הבטחה_מינהלית]--> המתנחלים; הממשלה --[מעניקה_הטבות_ל]--> המתנחלים; המינהל האזרחי --[transfers_land_to]--> המתנחלים; המשטרה --[arrives_with]--> המתנחלים; המשטרה --[protects]--> המתנחלים; המתנחלים --[commits_violence_against]--> הפלסטינים; המתנחלים --[commits_violence_against]--> קהילות שנעקרו; המתנחלים --[controlled_agricultural_land_around]--> עדי עד; המתנחלים --[cultivate]--> האדמות; המתנחלים --[enjoy_infrastructure_in]--> התנחלויות; הרשויות בישראל --[worked_with]--> התושבים שהתנחלו
המתנחלימ	המתנחלים	מתיישבימ	מתיישבים	translated	1.0	DIFFERENT	
ירדנ	ירדן	הירדנ	הירדן	translated	1.0	DIFFERENT	
גדה	גדה	בגדה המערבית	בגדה המערבית	translated	1.0	SAME	בנימין-רמאללה --[located_in]--> גדה; בקעת הירדן --[located_in]--> גדה; ג'נין --[located_in]--> גדה; דרום הר חברון --[located_in]--> גדה; הבלאדים --[located_in]--> גדה; חוות אברהם --[located_in]--> גדה; מאחזים --[ממוקמים_ב]--> גדה; ממשלת ישראל --[conducting_military_operations_in]--> גדה; חברון --[located_in]--> בגדה המערבית
גדה	גדה	west bank	West Bank	translated	1.0	SAME	בנימין-רמאללה --[located_in]--> גדה; בקעת הירדן --[located_in]--> גדה; ג'נין --[located_in]--> גדה; דרום הר חברון --[located_in]--> גדה; הבלאדים --[located_in]--> גדה; חוות אברהם --[located_in]--> גדה; מאחזים --[ממוקמים_ב]--> גדה; ממשלת ישראל --[conducting_military_operations_in]--> גדה; מעלה מכמש --[located_in]--> גדה
גדה	גדה	בגדה	בגדה	translated	1.0	SAME	בנימין-רמאללה --[located_in]--> גדה; בקעת הירדן --[located_in]--> גדה; ג'נין --[located_in]--> גדה; דרום הר חברון --[located_in]--> גדה; הבלאדים --[located_in]--> גדה; החלטה 360 --[מתייחסת_ל]--> גדה; חוות אברהם --[located_in]--> גדה; חקלאים ישראלים --[עיבדו]--> גדה; מאחזים --[ממוקמים_ב]--> גדה; ממשלת ישראל --[conducting_military_operations_in]--> גדה; מסיק הזיתים --[occurs_in]--> גדה; מעלה מכמש --[located_in]--> גדה; החקלאות הישראלית --[located_in]--> בגדה
גדה	גדה	ביו"ש	ביו"ש	translated	1.0	SAME	בנימין-רמאללה --[located_in]--> גדה; בקעת הירדן --[located_in]--> גדה; ג'נין --[located_in]--> גדה; דרום הר חברון --[located_in]--> גדה; הבלאדים --[located_in]--> גדה; החלטה 360 --[מתייחסת_ל]--> גדה; חוות אברהם --[located_in]--> גדה; חקלאים ישראלים --[עיבדו]--> גדה; מאחזים --[ממוקמים_ב]--> גדה; ממשלת ישראל --[conducting_military_operations_in]--> גדה; מסיק הזיתים --[occurs_in]--> גדה; מעלה מכמש --[located_in]--> גדה
האו"מ	האו"ם	או"מ	או"ם	translated	1.0	SAME	בית הדין --[מוסד_שיפוטי_של]--> האו"ם; בית הדין --[קובע]--> האו"ם; אונר"א --[established_by]--> או"ם; בית הדין --[מצטט]--> או"ם
שטחי c	שטחי C	אזור c	אזור C	translated	1.0	SAME	ישראל --[controls]--> שטחי C; הצבא --[controls]--> שטחי C; מדינת ישראל --[controls]--> שטחי C; שטחי C --[located_in]--> גדה המערבית; אזור C --[located_in]--> הגדה המערבית; אזור C --[נתון_בשליטה]--> ישראל; מדינת ישראל --[controls]--> אזור C
בית הדינ	בית הדין	בית המשפט המחוזי	בית המשפט המחוזי	translated	1.0	DIFFERENT	
בית הדינ	בית הדין	המחוזי	המחוזי	translated	1.0	DIFFERENT	
כביש אלונ	כביש אלון	ציר אלונ	ציר אלון	translated	1.0	DIFFERENT	
מחסומ watch	מחסום Watch	מחסומ ווטש	מחסום ווטש	translated	1.0	DIFFERENT	
פלסטינ	פלסטין	palestine	Palestine	translated	1.0	DIFFERENT	
פלסטינ	פלסטין	פלשתינה	פלשתינה	translated	1.0	SAME	גבול פלסטין-ירדן --[located_between]--> פלסטין; גבול פלסטין-ירדן --[separates]--> פלסטין; גבול פלסטין-מצרים --[separates]--> פלסטין; ישראל --[proposed_border_with]--> פלסטין; ישראל --[shares_border_with]--> פלסטין; ישראל --[פיוס_עם]--> פלסטין; כוח רב-לאומי --[deployed_in]--> פלסטין; פלסטין --[manages]--> מסדרון עזה-ג'ז'ע; פלסטין --[proposed_border_with]--> ישראל; פלסטין --[דורשת]--> 22 אחוזים; פלסטין --[יחזיק_ב]--> אורחות פלסטינית; פלסטין --[יקימו]--> אזורי תעשייה משותפים; יהודים פלשתינים --[עלו_אל]--> פלשתינה; ערבים פלשתינים --[היו_ב]--> פלשתינה
שב"ס	שב"ס	השב"כ	השב"כ	translated	1.0	DIFFERENT	
גדר ההפרדה	גדר ההפרדה	חומת ההפרדה	חומת ההפרדה	translated	1.0	SAME	גדר ההפרדה --[located_in]--> גדה המערבית; חומת ההפרדה --[located_in]--> הגדה המערבית
יהודימ	יהודים	היהודימ	היהודים	translated	1.0	SAME	יהודים --[has_supremacy_over]--> פלסטינים; יהודים --[superior_to]--> פלסטינים; יהודים --[זכאים_להגר_ל]--> ישראל; יהודים --[יכולים_לגור_ב]--> גדה המערבית
ארה"ב	ארה"ב	ארצות הברית	ארצות הברית	translated	1.0	SAME	ארה"ב --[הטילה_סנקציות_על]--> אמנה; ארצות הברית --[imposed_sanctions_on]--> אמנה; ארה"ב --[supports]--> ישראל; דונלד טראמפ --[elected_president_of]--> ארה"ב; דייויד פרידמן --[represents]--> ארה"ב; הסכם ביניים ישראלי-פלסטיני בדבר הגדה המערבית ורצועת עזה --[signed_by]--> ארה"ב
ארה"ב	ארה"ב	ארצות-הברית	ארצות-הברית	translated	1.0	SAME	ארה"ב --[הטילה_סנקציות_על]--> אמנה; Wye --[negotiated_in]--> ארה"ב; ארה"ב --[supports]--> ישראל; ארה"ב --[החליטה_להטיל_סנקציות_על]--> מתנחלים המעורבים באלימות; ארה"ב --[התמודדה_עם_אתגרים_ביטחוניים_ב]--> אפגניסטן; ארה"ב --[התמודדה_עם_אתגרים_ביטחוניים_ב]--> עיראק; ארה"ב --[התמודדה_עם_אתגרים_ביטחוניים_ב]--> פיגוע במגדלי התאומים; דונלד טראמפ --[elected_president_of]--> ארה"ב; דייויד פרידמן --[represents]--> ארה"ב; הסכם ביניים ישראלי-פלסטיני בדבר הגדה המערבית ורצועת עזה --[signed_by]--> ארה"ב; הסכם שיתוף פעולה מדעי --[between]--> ארה"ב; ארצות-הברית --[has_shared_interests_with]--> ישראל; ארצות-הברית --[interested_in_resolving]--> הסכסוך הישראלי-פלסטיני-ערבי; ארצות-הברית --[party_to]--> הסכמי אברהם; ארצות-הברית --[stands_with]--> ישראל; ארצות-הברית --[תומכת_ב]--> יוזמת השלום הערבית; הסכמי אברהם --[created_through_mediation_by]--> ארצות-הברית
אלפי מנשה	אלפי מנשה	אלפי מצווה	אלפי מצווה	translated	1.0	DIFFERENT	
נהר הירדנ	נהר הירדן	הימ לירדנ	הים לירדן	translated	1.0	DIFFERENT	
yesh din	Yesh Din	ארגונ יש דינ	ארגון יש דין	translated	1.0	SAME	יש דין --[same_as]--> Yesh Din; ארגון יש דין --[examined]--> מערכת אכיפת החוק הצבאית; ארגון יש דין --[filed_petition_against]--> מחצבות ישראליות בגדה המערבית; ארגון יש דין --[published]--> שוד במדים – ביזת כסף ורכוש של פלסטינים בידי חיילים ושוטרים ישראלים בגדה המערבית; ארגון יש דין --[הפנתה_בקשות_ל]--> הפרקליטות הצבאית
yesh din	Yesh Din	י"ש ד"נ	י"ש ד"ן	translated	1.0	SAME	יש דין --[same_as]--> Yesh Din
הדינ הבינלאומי	הדין הבינלאומי	החוק הבינ-לאומי	החוק הבין-לאומי	translated	1.0	SAME	ישראל --[bound_by]--> הדין הבינלאומי; ישראל --[violates]--> החוק הבין-לאומי; ישראל --[הפרה_של]--> החוק הבין-לאומי
הדינ הבינלאומי	הדין הבינלאומי	המשפט הבינ-לאומי	המשפט הבין-לאומי	translated	1.0	SAME	המפקד הצבאי --[violates]--> הדין הבינלאומי; העברה בכפייה של פלסטינים --[violates]--> הדין הבינלאומי; השאלת הממצאים --[violates]--> הדין הבינלאומי; התנחלות --[בלתי_חוקיים_ב]--> הדין הבינלאומי; ישראל --[bound_by]--> הדין הבינלאומי; מאחז --[בלתי_חוקיים_ב]--> הדין הבינלאומי; שב"ס --[מפרה_בשיטתיות]--> המשפט הבין-לאומי
הדינ הבינלאומי	הדין הבינלאומי	חוק הבינלאומי	חוק הבינלאומי	translated	1.0	DIFFERENT	
ההסתדרות הציונית	ההסתדרות הציונית	הציונית העולמית	הציונית העולמית	translated	1.0	DIFFERENT	
הלשכה המרכזית לסטטיסטיקה	הלשכה המרכזית לסטטיסטיקה	הלמ"ס	הלמ"ס	translated	1.0	SAME	הלמ"ס --[provided_data_about]--> התנחלויות
ארגונ הבריאות העולמי	ארגון הבריאות העולמי	world health organization	World Health Organization	translated	1.0	DIFFERENT	
טובאס	טובאס	טבאמ	טבאם	translated	1.0	DIFFERENT	
בגדה המערבית	בגדה המערבית	west bank	West Bank	translated	1.0	SAME	בגדה המערבית --[controlled_by]--> המשטר הישראלי; ישראל --[controls]--> בגדה המערבית; ישראל --[established_settlements_in]--> בגדה המערבית; ישראל --[שולטת_ב]--> בגדה המערבית
בגדה המערבית	בגדה המערבית	ביו"ש	ביו"ש	translated	1.0	DIFFERENT	
בית הדינ הבינלאומי לצדק	בית הדין הבינלאומי לצדק	בית הדינ לצדק בהאג	בית הדין לצדק בהאג	translated	1.0	SAME	בית הדין הבינלאומי לצדק --[located_in]--> האג
הימ לירדנ	הים לירדן	נחר הירדנ	נחר הירדן	translated	1.0	DIFFERENT	
המועצה האזורית גוש עציונ	המועצה האזורית גוש עציון	gush ezyon regional council	Gush Ezyon Regional Council	translated	1.0	SAME	אמנה --[received_funding_from]--> המועצה האזורית גוש עציון; ההתנחלויות --[located_in]--> המועצה האזורית גוש עציון; חברה לפיתוח גוש עציון בע"מ --[בת_של]--> המועצה האזורית גוש עציון; המועצה האזורית גוש עציון --[controls]--> גוש ההתנחלויות שמדרום לבית לחם; המועצה האזורית גוש עציון --[established_in]--> 1980; המועצה האזורית גוש עציון --[supported]--> חוות צאן קדר; המועצה האזורית גוש עציון --[מינתה]--> יאיר בן דוד; המועצה האזורית גוש עציון --[מינתה]--> יוסי לויט; המועצה האזורית גוש עציון --[שואפת_לסלול]--> כביש 80; משה פרוכט --[worked_for]--> המועצה האזורית גוש עציון; המועצה האזורית גוש עציון --[documents]--> עבודת צוות קו כחול ב"גוש עציון"; המועצה האזורית גוש עציון --[published_on]--> דצמבר 2016
הפלטפורמה	הפלטפורמה	the platform	the Platform	translated	1.0	SAME	הפלטפורמה --[includes]--> האגודה לזכויות האזרח בישראל; הפלטפורמה --[includes]--> הוועד הציבורי נגד עינויים בישראל; הפלטפורמה --[includes]--> המוקד להגנת הפרט; הפלטפורמה --[includes]--> יש דין; הפלטפורמה --[includes]--> לוחמים לשלום; הפלטפורמה --[includes]--> עיר עמים; הפלטפורמה --[includes]--> עמק שווה; הפלטפורמה --[includes]--> רופאים לזכויות אדם ישראל; הפלטפורמה --[includes]--> שוברים שתיקה; הפלטפורמה --[includes]--> תורת צדק; הפלטפורמה --[includes]--> במקום – תכנון לזכויות אדם; הפלטפורמה --[includes]--> גישה – מרכז לשמירה על הזכות לנוע; אלון ארד --[steering_committee_member]--> the Platform; גיא שלו --[steering_committee_member]--> the Platform; זיו שטרל --[steering_committee_member]--> the Platform
מדבר יהודה	מדבר יהודה	ספר המדבר	ספר המדבר	translated	1.0	DIFFERENT	
עיריית ירושלימ	עיריית ירושלים	עיריית אל-קודס	עיריית אל-קודס	translated	1.0	DIFFERENT	
פתרונ שתי המדינות	פתרון שתי המדינות	שתי מדינות	שתי מדינות	translated	1.0	DIFFERENT	
